-- phpMyAdmin SQL Dump
-- version 5.2.1
-- https://www.phpmyadmin.net/
--
-- Servidor: 127.0.0.1
-- Tiempo de generación: 25-11-2025 a las 06:24:12
-- Versión del servidor: 10.4.32-MariaDB
-- Versión de PHP: 8.2.12

SET SQL_MODE = "NO_AUTO_VALUE_ON_ZERO";
START TRANSACTION;
SET time_zone = "+00:00";


/*!40101 SET @OLD_CHARACTER_SET_CLIENT=@@CHARACTER_SET_CLIENT */;
/*!40101 SET @OLD_CHARACTER_SET_RESULTS=@@CHARACTER_SET_RESULTS */;
/*!40101 SET @OLD_COLLATION_CONNECTION=@@COLLATION_CONNECTION */;
/*!40101 SET NAMES utf8mb4 */;

--
-- Base de datos: `luminary`
--

-- --------------------------------------------------------

--
-- Estructura de tabla para la tabla `asignaturas`
--

CREATE TABLE `asignaturas` (
  `id` int(11) NOT NULL,
  `nombre` varchar(100) NOT NULL
) ENGINE=InnoDB DEFAULT CHARSET=utf8mb4 COLLATE=utf8mb4_general_ci;

--
-- Volcado de datos para la tabla `asignaturas`
--

INSERT INTO `asignaturas` (`id`, `nombre`) VALUES
(9, 'Ciencias'),
(4, 'Estudios Sociales'),
(7, 'Filosofía'),
(3, 'Inglés'),
(6, 'Inglés Comunicativo'),
(8, 'Instrumental'),
(1, 'Lenguaje'),
(2, 'Matemáticas'),
(5, 'TIC');

-- --------------------------------------------------------

--
-- Estructura de tabla para la tabla `cursos`
--

CREATE TABLE `cursos` (
  `id` int(11) NOT NULL,
  `nivel` varchar(10) NOT NULL,
  `letra` char(1) NOT NULL,
  `profesor_jefe_id` int(11) DEFAULT NULL
) ENGINE=InnoDB DEFAULT CHARSET=utf8mb4 COLLATE=utf8mb4_general_ci;

--
-- Volcado de datos para la tabla `cursos`
--

INSERT INTO `cursos` (`id`, `nivel`, `letra`, `profesor_jefe_id`) VALUES
(1, '1°', 'A', 7),
(2, '1°', 'B', 1),
(3, '1°', 'C', NULL),
(4, '2°', 'A', NULL),
(5, '2°', 'B', NULL),
(6, '2°', 'C', NULL),
(7, '2°', 'D', NULL),
(8, '2°', 'E', NULL),
(9, '2°', 'F', NULL);

-- --------------------------------------------------------

--
-- Estructura de tabla para la tabla `curso_asignatura`
--

CREATE TABLE `curso_asignatura` (
  `id` int(11) NOT NULL,
  `curso_id` int(11) NOT NULL,
  `asignatura_id` int(11) NOT NULL
) ENGINE=InnoDB DEFAULT CHARSET=utf8mb4 COLLATE=utf8mb4_general_ci;

--
-- Volcado de datos para la tabla `curso_asignatura`
--

INSERT INTO `curso_asignatura` (`id`, `curso_id`, `asignatura_id`) VALUES
(72, 1, 1),
(73, 1, 2),
(70, 1, 3),
(68, 1, 4),
(74, 1, 5),
(71, 1, 6),
(69, 1, 7),
(67, 1, 9),
(17, 2, 1),
(18, 2, 2),
(15, 2, 3),
(14, 2, 4),
(19, 2, 5),
(16, 2, 6),
(13, 2, 9);

-- --------------------------------------------------------

--
-- Estructura de tabla para la tabla `curso_profesor`
--

CREATE TABLE `curso_profesor` (
  `id` int(11) NOT NULL,
  `curso_id` int(11) NOT NULL,
  `asignatura_id` int(11) NOT NULL,
  `profesor_id` int(11) NOT NULL
) ENGINE=InnoDB DEFAULT CHARSET=utf8mb4 COLLATE=utf8mb4_general_ci;

--
-- Volcado de datos para la tabla `curso_profesor`
--

INSERT INTO `curso_profesor` (`id`, `curso_id`, `asignatura_id`, `profesor_id`) VALUES
(3, 2, 4, 1),
(5, 1, 4, 8),
(7, 1, 3, 6),
(8, 2, 3, 6),
(9, 1, 2, 7),
(10, 1, 9, 15);

-- --------------------------------------------------------

--
-- Estructura de tabla para la tabla `estudiantes`
--

CREATE TABLE `estudiantes` (
  `id` int(11) NOT NULL,
  `matricula_id` int(11) DEFAULT NULL,
  `curso_id` int(11) NOT NULL
) ENGINE=InnoDB DEFAULT CHARSET=utf8mb4 COLLATE=utf8mb4_general_ci;

--
-- Volcado de datos para la tabla `estudiantes`
--

INSERT INTO `estudiantes` (`id`, `matricula_id`, `curso_id`) VALUES
(4, 1, 1),
(5, 2, 1),
(6, 3, 1),
(7, 4, 1),
(8, 5, 1),
(9, 6, 1),
(10, 7, 1),
(11, 8, 1),
(12, 9, 1),
(13, 10, 1),
(14, 11, 1),
(15, 12, 1),
(16, 13, 1),
(17, 14, 1),
(18, 15, 1),
(19, 16, 1),
(20, 17, 1),
(21, 18, 1),
(22, 19, 1),
(23, 20, 1),
(24, 21, 1),
(25, 22, 1),
(26, 23, 1),
(27, 24, 1),
(28, 25, 1),
(29, 26, 1),
(30, 27, 1),
(31, 28, 1),
(32, 29, 1),
(33, 30, 1),
(34, 31, 1),
(35, 32, 1),
(36, 33, 1),
(37, 34, 1),
(38, 35, 2),
(39, 36, 2),
(40, 37, 2),
(41, 38, 2),
(42, 39, 2),
(43, 40, 2),
(44, 41, 2),
(45, 42, 2),
(46, 43, 2),
(47, 44, 2),
(48, 45, 2),
(49, 46, 2),
(50, 47, 2),
(51, 48, 2),
(52, 49, 2),
(53, 50, 2),
(54, 51, 2),
(55, 52, 2),
(56, 53, 2),
(57, 54, 2),
(58, 55, 2),
(59, 56, 2),
(60, 57, 2),
(61, 58, 2),
(62, 59, 2),
(63, 60, 2),
(64, 61, 2),
(65, 62, 2),
(66, 63, 2),
(67, 64, 2),
(68, 65, 2),
(69, 66, 2),
(70, 67, 2),
(71, 68, 2),
(72, 69, 2),
(73, 70, 2),
(74, 71, 2),
(75, 72, 2),
(76, 73, 2),
(77, 74, 2),
(78, 75, 2),
(79, 76, 3),
(80, 77, 3),
(81, 78, 3),
(82, 79, 3),
(83, 80, 3),
(84, 81, 3),
(85, 82, 3),
(86, 83, 3),
(87, 84, 3),
(88, 85, 3),
(89, 86, 3),
(90, 87, 3),
(91, 88, 3),
(92, 89, 3),
(93, 90, 3),
(94, 91, 3),
(95, 92, 3),
(96, 93, 3),
(97, 94, 3),
(98, 95, 3),
(99, 96, 3),
(100, 97, 3),
(101, 98, 3),
(102, 99, 3),
(103, 100, 3),
(104, 101, 3),
(105, 102, 3),
(106, 103, 3),
(107, 104, 3),
(108, 105, 3),
(109, 106, 3),
(110, 107, 3),
(111, 108, 3),
(112, 109, 3),
(113, 110, 3),
(114, 111, 3),
(115, 112, 3),
(116, 113, 3),
(117, 114, 3),
(118, 115, 3),
(119, 116, 3),
(120, 117, 3),
(121, 118, 3),
(122, 119, 4),
(123, 120, 4),
(124, 121, 4),
(125, 122, 4),
(126, 123, 4),
(127, 124, 4),
(128, 125, 4),
(129, 126, 4),
(130, 127, 4),
(131, 128, 4),
(132, 129, 4),
(133, 130, 4),
(134, 131, 4),
(135, 132, 4),
(136, 133, 4),
(137, 134, 4),
(138, 135, 4),
(139, 136, 4),
(140, 137, 4),
(141, 138, 4),
(142, 139, 4),
(143, 140, 4),
(144, 141, 4),
(145, 142, 4),
(146, 143, 4),
(147, 144, 4),
(148, 145, 4),
(149, 146, 5),
(150, 147, 5),
(151, 148, 5),
(152, 149, 5),
(153, 150, 5),
(154, 151, 5),
(155, 152, 5),
(156, 153, 5),
(157, 154, 5),
(158, 155, 5),
(159, 156, 5),
(160, 157, 5),
(161, 158, 5),
(162, 159, 5),
(163, 160, 5),
(164, 161, 5),
(165, 162, 5),
(166, 163, 5),
(167, 164, 5),
(168, 165, 5),
(169, 166, 5),
(170, 167, 5),
(171, 168, 5),
(172, 169, 5),
(173, 170, 5),
(174, 171, 5),
(175, 172, 5),
(176, 173, 5),
(177, 174, 5),
(178, 175, 5),
(179, 176, 5),
(180, 177, 5),
(181, 178, 5),
(182, 179, 5),
(183, 180, 5),
(184, 181, 5),
(185, 182, 5),
(186, 183, 5),
(187, 184, 5),
(188, 185, 6),
(189, 186, 6),
(190, 187, 6),
(191, 188, 6),
(192, 189, 6),
(193, 190, 6),
(194, 191, 6),
(195, 192, 6),
(196, 193, 6),
(197, 194, 6),
(198, 195, 6),
(199, 196, 6),
(200, 197, 6),
(201, 198, 6),
(202, 199, 6),
(203, 200, 6),
(204, 201, 6),
(205, 202, 6),
(206, 203, 6),
(207, 204, 6),
(208, 205, 6),
(209, 206, 6),
(210, 207, 6),
(211, 208, 6),
(212, 209, 6),
(213, 210, 6),
(214, 211, 6),
(215, 212, 6),
(216, 213, 6),
(217, 214, 6),
(218, 215, 6),
(219, 216, 6),
(220, 217, 6),
(221, 218, 6),
(222, 219, 6),
(223, 220, 6),
(224, 221, 6),
(225, 222, 6),
(226, 223, 6),
(227, 224, 6),
(228, 225, 6),
(229, 226, 7),
(230, 227, 7),
(231, 228, 7),
(232, 229, 7),
(233, 230, 7),
(234, 231, 7),
(235, 232, 7),
(236, 233, 7),
(237, 234, 7),
(238, 235, 7),
(239, 236, 7),
(240, 237, 7),
(241, 238, 7),
(242, 239, 7),
(243, 240, 7),
(244, 241, 7),
(245, 242, 7),
(246, 243, 7),
(247, 244, 7),
(248, 245, 7),
(249, 246, 7),
(250, 247, 7),
(251, 248, 7),
(252, 249, 7),
(253, 250, 7),
(254, 251, 7),
(255, 252, 7),
(256, 253, 7),
(257, 254, 7),
(258, 255, 7),
(259, 256, 7),
(260, 257, 7),
(261, 258, 7),
(262, 259, 8),
(263, 260, 8),
(264, 261, 8),
(265, 262, 8),
(266, 263, 8),
(267, 264, 8),
(268, 265, 8),
(269, 266, 8),
(270, 267, 8),
(271, 268, 8),
(272, 269, 8),
(273, 270, 8),
(274, 271, 8),
(275, 272, 8),
(276, 273, 8),
(277, 274, 8),
(278, 275, 8),
(279, 276, 8),
(280, 277, 8),
(281, 278, 8),
(282, 279, 8),
(283, 280, 8),
(284, 281, 8),
(285, 282, 8),
(286, 283, 8),
(287, 284, 8),
(288, 285, 8),
(289, 286, 8),
(290, 287, 8),
(291, 288, 8),
(292, 289, 8),
(293, 290, 8),
(294, 291, 9),
(295, 292, 9),
(296, 293, 9),
(297, 294, 9),
(298, 295, 9),
(299, 296, 9),
(300, 297, 9),
(301, 298, 9),
(302, 299, 9),
(303, 300, 9),
(304, 301, 9),
(305, 302, 9),
(306, 303, 9),
(307, 304, 9),
(308, 305, 9),
(309, 306, 9),
(310, 307, 9),
(311, 308, 9),
(312, 309, 9),
(313, 310, 9),
(314, 311, 9),
(315, 312, 9),
(316, 313, 9),
(317, 314, 9),
(318, 315, 9),
(319, 316, 9),
(320, 317, 9),
(321, 318, 9),
(322, 319, 9),
(323, 320, 9);

-- --------------------------------------------------------

--
-- Estructura de tabla para la tabla `matriculas`
--

CREATE TABLE `matriculas` (
  `id` int(11) NOT NULL,
  `nombre_estudiante` varchar(100) NOT NULL,
  `apellidos_estudiante` varchar(100) NOT NULL,
  `fecha_nacimiento` date DEFAULT NULL,
  `rut_estudiante` varchar(20) NOT NULL,
  `serie_carnet_estudiante` varchar(20) DEFAULT NULL,
  `direccion_estudiante` varchar(255) DEFAULT NULL,
  `correo_estudiante` varchar(150) DEFAULT NULL,
  `telefono_estudiante` varchar(30) DEFAULT NULL,
  `curso_preferido` int(11) DEFAULT NULL,
  `jornada_preferida` varchar(100) DEFAULT NULL,
  `nombre_apoderado` varchar(150) DEFAULT NULL,
  `rut_apoderado` varchar(20) DEFAULT NULL,
  `direccion_apoderado` varchar(255) DEFAULT NULL,
  `fecha_registro` datetime DEFAULT current_timestamp(),
  `estado` varchar(50) NOT NULL DEFAULT 'Pendiente',
  `estudiante_id` int(11) DEFAULT NULL
) ENGINE=InnoDB DEFAULT CHARSET=utf8mb4 COLLATE=utf8mb4_general_ci;

--
-- Volcado de datos para la tabla `matriculas`
--

INSERT INTO `matriculas` (`id`, `nombre_estudiante`, `apellidos_estudiante`, `fecha_nacimiento`, `rut_estudiante`, `serie_carnet_estudiante`, `direccion_estudiante`, `correo_estudiante`, `telefono_estudiante`, `curso_preferido`, `jornada_preferida`, `nombre_apoderado`, `rut_apoderado`, `direccion_apoderado`, `fecha_registro`, `estado`, `estudiante_id`) VALUES
(1, 'TOMÁS', 'DELGADILLO PIÑA', '2008-06-12', '22746189-6', NULL, 'NELSON Nº 283. Cº BARON', '', '', 1, NULL, NULL, NULL, NULL, '2025-11-24 23:03:57', 'Activa', 4),
(2, 'MATHIAS IGNACIO', 'ALIAGA SEPÚLVEDA', '2007-08-26', '22494385-7', NULL, 'BRISAS DEL MAR DEP.21 BLOK 75', '', '2862378', 1, NULL, NULL, NULL, NULL, '2025-11-24 23:03:57', 'Activa', 5),
(3, 'DANITZA ALBINA', 'PESCE PACHECO', '2009-06-07', '23046919-9', NULL, 'SIMÓN ALAMOS', '', '', 1, NULL, NULL, NULL, NULL, '2025-11-24 23:03:57', 'Activa', 6),
(4, 'VICENTE ANTONIO', 'ARÁNGUIZ BORZONE', '2007-06-02', '22411258-0', NULL, 'LOS PLÁTANOS 3142 BELLOTO NORTE', 'MACARENABORZONE@GMAIL.COM', '', 1, NULL, NULL, NULL, NULL, '2025-11-24 23:03:57', 'Activa', 7),
(5, 'AYLEEN SALOMÉ', 'ARAYA BESARES', '2007-06-21', '22430261-4', NULL, 'ESMERALDA', '', '927211167', 1, NULL, NULL, NULL, NULL, '2025-11-24 23:03:57', 'Activa', 8),
(6, 'ISABELLA JUSTINA', 'FAJARDO ZUMELZU', '2008-06-14', '22743808-8', NULL, 'LOS ALMENDROS', 'VFAJARDORIVERO2@GMAIL.COM', '', 1, NULL, NULL, NULL, NULL, '2025-11-24 23:03:57', 'Activa', 9),
(7, 'JOSÉ THOMAS', 'VERGARA MORA', '2007-02-10', '22327350-5', NULL, 'LINCOYAN 1410 BLOCK D  DEPTO. 44 BELLOTO NORTE', 'JOSE.VERGARA@BARROSARANA.CMVA.CL', '3215027', 1, NULL, NULL, NULL, NULL, '2025-11-24 23:03:57', 'Activa', 10),
(8, 'FLORENCIA AGUSTINA', 'BARRIENTOS QUIROGA', '2008-07-18', '22770738-0', NULL, '', '', '', 1, NULL, NULL, NULL, NULL, '2025-11-24 23:03:58', 'Activa', 11),
(9, 'TONKA LEONOR', 'GARCÉS BALBOA', '2007-06-11', '22418770-K', NULL, 'MADRE SELVA 1994 VILLA LOS JARDINES', '', '', 1, NULL, NULL, NULL, NULL, '2025-11-24 23:03:58', 'Activa', 12),
(10, 'ROSA ELENA', 'CONTRERAS ESPINOSA', '2004-05-07', '21569261-2', NULL, 'AVENIDA PRIMERA', '', '', 1, NULL, NULL, NULL, NULL, '2025-11-24 23:03:58', 'Activa', 13),
(11, 'ALAN JESÚS', 'NAVARRETE PACHECO', '2008-02-26', '22670364-0', NULL, 'LA SERENA 1120 POBLACIÓN  ROSENQUIST', '', '51238138', 1, NULL, NULL, NULL, NULL, '2025-11-24 23:03:58', 'Activa', 14),
(12, 'MACARENA ALEJANDRA', 'TAPIA VERGARA', '1999-05-01', '20023515-0', NULL, 'POBLACION NUEVA ESPERANZA', '', '', 1, NULL, NULL, NULL, NULL, '2025-11-24 23:03:58', 'Activa', 15),
(13, 'MARIA-IGNACIA', 'SOLIZ BENVENUTO', '2009-08-17', '23103053-0', NULL, '', '', '', 1, NULL, NULL, NULL, NULL, '2025-11-24 23:03:58', 'Activa', 16),
(14, 'MARTHINA ISIDORA', 'LIZAMA ARANCIBIA', '2007-05-15', '22399224-2', NULL, 'LAGOS JANOSA', 'PENELOPEARANCIBIA@GMAIL.COM', '955343743', 1, NULL, NULL, NULL, NULL, '2025-11-24 23:03:58', 'Activa', 17),
(15, 'EMILIA IGNACIA', 'MÁRQUEZ DELLA CHIARA', '2009-01-23', '22928427-4', NULL, '', '', '', 1, NULL, NULL, NULL, NULL, '2025-11-24 23:03:58', 'Activa', 18),
(16, 'ALEXANDER VINZENT', 'AMSTEINS ESCOBAR', '2008-03-24', '22676558-1', NULL, 'HACIENDA SAN ISIDRO, EL PEUMO 48 PEÑA BLANCA', '', '', 1, NULL, NULL, NULL, NULL, '2025-11-24 23:03:58', 'Activa', 19),
(17, 'GABRIEL BENJAMÍN', 'CASTRO ARANCIBIA', '2007-01-13', '22306677-1', NULL, 'LOS AREZOS 3155 POB. ALBATROS', 'GABRIEL.CASTRO@COLEGIONACIONAL.CL', '2406679', 1, NULL, NULL, NULL, NULL, '2025-11-24 23:03:58', 'Activa', 20),
(18, 'JASON MATHIUS', 'MIRABAL SEPÚLVEDA', '2008-12-03', '22888546-0', NULL, 'UNION', '', '', 1, NULL, NULL, NULL, NULL, '2025-11-24 23:03:58', 'Activa', 21),
(19, 'LUKAS BENJAMÍN MAO-ZHIENG', 'NAVARRETE PLAZA', '2006-04-04', '22099037-0', NULL, 'PJE AZALEA PONIENTE 2797', 'LUKAS.PLAZA@COLEGIONACIONAL.CL', '2657511', 1, NULL, NULL, NULL, NULL, '2025-11-24 23:03:58', 'Activa', 22),
(20, 'SEBASTIÁN IGNACIO', 'RUBIO ORDTENES', '2009-01-13', '22924080-3', NULL, 'SAN ENRIQUE, BLOCK 4', '', '963426610', 1, NULL, NULL, NULL, NULL, '2025-11-24 23:03:58', 'Activa', 23),
(21, 'BASTIÁN EXEQUIEL ALEJANDRO', 'ZÚÑIGA ARACENA', '2007-08-31', '22505358-8', NULL, 'DINAMARCA. BLOCK 2', '', '', 1, NULL, NULL, NULL, NULL, '2025-11-24 23:03:58', 'Activa', 24),
(22, 'KONRAD ALEXANDER', 'MODINGER FERNÁNDEZ', '2003-02-14', '21234899-6', NULL, 'MARCHANT PEREIRA 3019', '', '', 1, NULL, NULL, NULL, NULL, '2025-11-24 23:03:58', 'Activa', 25),
(23, 'ISIDORA AGUSTINA', 'FLORES PONCE', '2008-06-18', '22751477-9', NULL, 'ESMERALDA 201 A', 'ELIAPL@HOTMAIL.COM', '', 1, NULL, NULL, NULL, NULL, '2025-11-24 23:03:58', 'Activa', 26),
(24, 'NICOLÁS JAVIER', 'MOLINA DE VASCONCELOS E SA', '2008-11-19', '22877897-4', NULL, '', '', '', 1, NULL, NULL, NULL, NULL, '2025-11-24 23:03:58', 'Activa', 27),
(25, 'SEBASTIÁN ANDRÉS', 'MOLINA DE VASCONCELOS E SA', '2008-11-19', '22877913-K', NULL, '', '', '', 1, NULL, NULL, NULL, NULL, '2025-11-24 23:03:58', 'Activa', 28),
(26, 'CRISTIAN SEBASTIÁN PEDRO', 'PÉREZ VILCHES', '1996-06-08', '19193582-9', NULL, 'SANTA MARIA 799 POBLACIÓN GONZALEZ PACHECO', '', '', 1, NULL, NULL, NULL, NULL, '2025-11-24 23:03:58', 'Activa', 29),
(27, 'MARTÍN ALONSO', 'ALMONACID NOVOA', '2008-05-11', '22718421-3', NULL, 'PASAJE RÍO MAGDALENA', 'GINGERSJMB@HOTMAIL.COM', '', 1, NULL, NULL, NULL, NULL, '2025-11-24 23:03:58', 'Activa', 30),
(28, 'ALONZO IGNACIO', 'CARVAJAL URIBE', '2009-02-13', '22946572-4', NULL, 'CARRERA 1560', '', '', 1, NULL, NULL, NULL, NULL, '2025-11-24 23:03:58', 'Activa', 31),
(29, 'BRANDÓN FRANCISCO', 'GÓMEZ URIBE', '2007-06-14', '22424911-K', NULL, 'IGNACIO CARRERA PINTO', '', '986540221', 1, NULL, NULL, NULL, NULL, '2025-11-24 23:03:58', 'Activa', 32),
(30, 'VANESSA YAQUELINE', 'BELLO PIMENTEL', '2007-12-28', '22597757-7', NULL, 'SAN ENRIQUE', 'CINDYPATRICIAPIMENTELESPINOZA@GMAIL.COM', '', 1, NULL, NULL, NULL, NULL, '2025-11-24 23:03:58', 'Activa', 33),
(31, 'BENJAMÍN IGNACIO', 'MIRANDA OLIVARES', '2007-11-16', '22559993-9', NULL, 'TRONCOS VIEJOS 2450', '', '', 1, NULL, NULL, NULL, NULL, '2025-11-24 23:03:58', 'Activa', 34),
(32, 'KRISHNA ANAÍS', 'QUEZADA ARROYO', '2007-12-22', '22585263-4', NULL, 'BERNARDO LEYTON', '', '', 1, NULL, NULL, NULL, NULL, '2025-11-24 23:03:58', 'Activa', 35),
(33, 'MAGDALENA AMARA', 'LEON LEÓN', '2005-05-14', '22349623-7', NULL, 'AVENIDA CUARTA PAUL HARRIS MANZANA 24 Nº 927', 'MAGDALENA.LEON.MMONTT@CMVA.CL', '', 1, NULL, NULL, NULL, NULL, '2025-11-24 23:03:58', 'Activa', 36),
(34, 'LEANDRO MISAEL', 'BRAVO CAAMAÑO', '2008-04-15', '22698892-0', NULL, 'PASAJE RÍO BELICE 3306, VILLA ALTOS DEL MAIPO', 'Y.CAAMANO@ALUMNOSDUOC.CL', '', 1, NULL, NULL, NULL, NULL, '2025-11-24 23:03:58', 'Activa', 37),
(35, 'NEYTHAN ELÍAS', 'VICTORIANO VÁSQUEZ', '2008-10-16', '22844610-6', NULL, '', '', '', 2, NULL, NULL, NULL, NULL, '2025-11-24 23:03:58', 'Activa', 38),
(36, 'CATALINA ANTONELLA', 'ORELLANA CARMONA', '2009-12-23', '23209073-1', NULL, 'SANTA ESTELA Nº 23 ROCUANT', '', '2374457', 2, NULL, NULL, NULL, NULL, '2025-11-24 23:03:58', 'Activa', 39),
(37, 'LUIS ORLANDO', 'MARTÍNEZ GONZÁLEZ', '2009-05-05', '23011233-9', NULL, 'CALLE RIO JORDAN R-25 POB ALVORADA F ALTO', '', '', 2, NULL, NULL, NULL, NULL, '2025-11-24 23:03:58', 'Activa', 40),
(38, 'MATHIAS IGNACIO', 'ALIAGA SEPÚLVEDA', '2007-08-26', '22494385-7', NULL, 'BRISAS DEL MAR DEP.21 BLOK 75', '', '2862378', 2, NULL, NULL, NULL, NULL, '2025-11-24 23:03:58', 'Activa', 41),
(39, 'DANITZA ALBINA', 'PESCE PACHECO', '2009-06-07', '23046919-9', NULL, 'SIMÓN ALAMOS', '', '', 2, NULL, NULL, NULL, NULL, '2025-11-24 23:03:58', 'Activa', 42),
(40, 'ROSA AURORA', 'LEÓN LEÓN', '1995-03-20', '19124341-2', NULL, 'SANTA MARGARITA 1425 ROSENQUIT', '', '99365963', 2, NULL, NULL, NULL, NULL, '2025-11-24 23:03:58', 'Activa', 43),
(41, 'MONTSERRAT ESPERANZA', 'VELÁSQUEZ LOBOS', '2006-06-16', '22146704-3', NULL, 'EL RETIRO 1168  5TO SECTOR BELLOTO SUR', '', '2337800', 2, NULL, NULL, NULL, NULL, '2025-11-24 23:03:58', 'Activa', 44),
(42, 'SOFÍA AGUSTINA', 'CÁRDENAS GONZALEZ', '2007-07-23', '22464798-0', NULL, 'TIERRAS ROJAS 641 EL BELLOTO', '', '', 2, NULL, NULL, NULL, NULL, '2025-11-24 23:03:58', 'Activa', 45),
(43, 'GINNA ANTONIETTA', 'LAGOMARSINO VISTOSO', '1990-05-27', '17356169-5', NULL, '', '', '', 2, NULL, NULL, NULL, NULL, '2025-11-24 23:03:58', 'Activa', 46),
(44, 'YESSENNIA LOURDES', 'OLAVE GUMERA', '1990-02-11', '17567190-0', NULL, '', '', '', 2, NULL, NULL, NULL, NULL, '2025-11-24 23:03:58', 'Activa', 47),
(45, 'ISABELLA JUSTINA', 'FAJARDO ZUMELZU', '2008-06-14', '22743808-8', NULL, 'LOS ALMENDROS', 'VFAJARDORIVERO2@GMAIL.COM', '', 2, NULL, NULL, NULL, NULL, '2025-11-24 23:03:58', 'Activa', 48),
(46, 'MADELAINE ROUSE', 'SÁEZ SÁNCHEZ', '2009-05-04', '23012353-5', NULL, 'POBL. SEBASTIANA CALLE PABLO NERUDA II Nº978', '', '', 2, NULL, NULL, NULL, NULL, '2025-11-24 23:03:58', 'Activa', 49),
(47, 'ÁLVARO IGNACIO', 'PÉREZ ARAVENA', '2007-07-31', '22481561-1', NULL, '', '', '', 2, NULL, NULL, NULL, NULL, '2025-11-24 23:03:58', 'Activa', 50),
(48, 'BENJAMÍN IGNACIO', 'MIRANDA OLIVARES', '2007-11-16', '22559993-9', NULL, 'TRONCOS VIEJOS 2450', '', '', 2, NULL, NULL, NULL, NULL, '2025-11-24 23:03:58', 'Activa', 51),
(49, 'SEBASTIÁN IGNACIO', 'BURGOS OLIVARES', '2007-01-03', '22307538-K', NULL, 'CASTELLON O238', '', '2560076', 2, NULL, NULL, NULL, NULL, '2025-11-24 23:03:58', 'Activa', 52),
(50, 'MIGUEL ANGEL', 'BRINCKFELDT MÉNDEZ', '2008-03-31', '22686371-0', NULL, 'TUAMAPU, CANAL MORALEDA', 'DANIELACISTERNASZ@GMAIL.COM', '', 2, NULL, NULL, NULL, NULL, '2025-11-24 23:03:58', 'Activa', 53),
(51, 'BRANDON ALEXANDER', 'BENAVIDES VICENCIO', '2007-05-08', '22396792-2', NULL, 'DINAMARCA 1320 HUANHUALI', '', '975426716', 2, NULL, NULL, NULL, NULL, '2025-11-24 23:03:58', 'Activa', 54),
(52, 'VANESSA YAQUELINE', 'BELLO PIMENTEL', '2007-12-28', '22597757-7', NULL, 'SAN ENRIQUE', 'CINDYPATRICIAPIMENTELESPINOZA@GMAIL.COM', '', 2, NULL, NULL, NULL, NULL, '2025-11-24 23:03:58', 'Activa', 55),
(53, 'FABIÁN ANDRÉ', 'OPAZO SAAVEDRA', '2007-06-30', '22434842-8', NULL, 'ANDRES 030 MORALEDA. PEÑA BLANCA', 'FRANFER_61@OUTLOOK.COM', '', 2, NULL, NULL, NULL, NULL, '2025-11-24 23:03:58', 'Activa', 56),
(54, 'ASMAA ALI', 'ANEIZAN', '2006-01-01', '25942081-4', NULL, 'IGNACIO CARRERA PINTO', 'ASMAA.ANEIZAN@LATINAIGO.CMVA.CL', '', 2, NULL, NULL, NULL, NULL, '2025-11-24 23:03:58', 'Activa', 57),
(55, 'ALEXANDER ISAY', 'ARMIJO VIDELA', '2009-02-16', '22952794-0', NULL, 'RAMON ANGEL JARA PASAJE 2LOTE21-B', 'RUAMA69@HOTMAIL.COM', '', 2, NULL, NULL, NULL, NULL, '2025-11-24 23:03:58', 'Activa', 58),
(56, 'KEVIN ALEJANDRO', 'BASUALTO ZAMORA', '2008-02-23', '22651348-5', NULL, 'PASAJE PUMALIN, VILLA EL QUILLAY', 'KEVIN.BASUALTO@LATINAIGO.CMVA.CL', '', 2, NULL, NULL, NULL, NULL, '2025-11-24 23:03:58', 'Activa', 59),
(57, 'MAGDALENA AMARA', 'LEON LEÓN', '2005-05-14', '22349623-7', NULL, 'AVENIDA CUARTA PAUL HARRIS MANZANA 24 Nº 927', 'MAGDALENA.LEON.MMONTT@CMVA.CL', '', 2, NULL, NULL, NULL, NULL, '2025-11-24 23:03:58', 'Activa', 60),
(58, 'JORDÁN ALEXIS', 'DÍAZ MAGNA', '2005-08-19', '21922033-2', NULL, 'LOS ZAPADORES 1636 B/16 D/103', '', '2560930', 2, NULL, NULL, NULL, NULL, '2025-11-24 23:03:58', 'Activa', 61),
(59, 'HUSSEIN ALI', 'ANEIZAN', '2008-01-01', '25942095-4', NULL, 'IGNACIO CARRERA PINTO', 'HUSSEIN.ANEIZAN@LATINAIGO.CMVA.CL', '933247551', 2, NULL, NULL, NULL, NULL, '2025-11-24 23:03:58', 'Activa', 62),
(60, 'MARTÍN PATRICIO', 'RETAMAL RODRÍGUEZ', '2008-05-28', '22732405-8', NULL, 'PASAJE EL TABO', '', '983885397', 2, NULL, NULL, NULL, NULL, '2025-11-24 23:03:58', 'Activa', 63),
(61, 'JAVIER IGNACIO', 'ZULETA ÁLVAREZ', '2005-12-14', '22000269-1', NULL, 'PJE RIO LOA 512', '', '', 2, NULL, NULL, NULL, NULL, '2025-11-24 23:03:58', 'Activa', 64),
(62, 'GLORIA XIMENA', 'MELIPIL GUTIÉRREZ', '1979-08-24', '13856460-6', NULL, '', '', '', 2, NULL, NULL, NULL, NULL, '2025-11-24 23:03:58', 'Activa', 65),
(63, 'ALONZO IGNACIO', 'CARVAJAL URIBE', '2009-02-13', '22946572-4', NULL, 'CARRERA 1560', '', '', 2, NULL, NULL, NULL, NULL, '2025-11-24 23:03:58', 'Activa', 66),
(64, 'JUAN MANUEL ALEJANDRO', 'PUEBLA COLLADO', '2008-02-29', '22669256-8', NULL, 'PATRICIO LYNCH PALMILLA BAJA', '', '44231582', 2, NULL, NULL, NULL, NULL, '2025-11-24 23:03:58', 'Activa', 67),
(65, 'MILLARAY BELÉN', 'SOTO CALZADA', '2004-09-06', '21659039-2', NULL, 'CARLOS CONDELL', '', '', 2, NULL, NULL, NULL, NULL, '2025-11-24 23:03:58', 'Activa', 68),
(66, 'VICENTE ANTONIO', 'LOO FERNÁNDEZ', '2008-03-02', '22665520-4', NULL, 'DINAMARCA 1331 BLOCOK 18 DEPTO 104', '', '', 2, NULL, NULL, NULL, NULL, '2025-11-24 23:03:58', 'Activa', 69),
(67, 'ESTRELLA BELÉN ANAÍS', 'ARREGUI FARÍAS', '2008-12-15', '22905873-8', NULL, 'HIJUELAS CON EL BOLDO  LOTE 45', '', '', 2, NULL, NULL, NULL, NULL, '2025-11-24 23:03:58', 'Activa', 70),
(68, 'KRISHNA ANAÍS', 'QUEZADA ARROYO', '2007-12-22', '22585263-4', NULL, 'BERNARDO LEYTON', '', '', 2, NULL, NULL, NULL, NULL, '2025-11-24 23:03:58', 'Activa', 71),
(69, 'MAXIMILIANO ANGEL ANTONIO', 'ALIAGA ZAMORA', '2006-11-30', '22272932-7', NULL, 'LAS MANDARINAS', '', '', 2, NULL, NULL, NULL, NULL, '2025-11-24 23:03:58', 'Activa', 72),
(70, 'MAYLIN BELÉN', 'BARLARI GONZÁLEZ', '2008-07-05', '22762825-1', NULL, 'LAS ACACIAS 290 LUCUMILLO 303', 'ELIZABETHGONZALEZ593@GMAIL.COM', '', 2, NULL, NULL, NULL, NULL, '2025-11-24 23:03:58', 'Activa', 73),
(71, 'JEAN PAUL', 'SOTOMAYOR DÍAZ', '2009-02-24', '22957711-5', NULL, 'POBLACION DINAMARCA, BLOCK 2', 'JEAN.SOTOMAYOR@LATINAIGO.CMVA.CL', '78251955', 2, NULL, NULL, NULL, NULL, '2025-11-24 23:03:58', 'Activa', 74),
(72, 'PABLO ALEJANDRO', 'VELÁSQUEZ MUÑOZ', '2008-08-31', '22841316-K', NULL, 'CALLE BAQUEDANO', 'AGUSTIN.EDWARDS@DAEMLLAYLLAY.CL', '58969454', 2, NULL, NULL, NULL, NULL, '2025-11-24 23:03:58', 'Activa', 75),
(73, 'JOSÉ MANUEL ANTONIO', 'OYARZÚN OLGUÍN', '2008-03-06', '22664003-7', NULL, 'LOS CRISANTEMOS', 'CLAUJAVI80@HOTMAIL.COM', '', 2, NULL, NULL, NULL, NULL, '2025-11-24 23:03:58', 'Activa', 76),
(74, 'RICARDO ANDRÉS', 'BAEZA CANCINO', '2008-05-19', '22729122-2', NULL, 'BICENTENARIO PASAJE 8', '', '', 2, NULL, NULL, NULL, NULL, '2025-11-24 23:03:58', 'Activa', 77),
(75, 'AMANDA PAVLOVA', 'POLANCO REYES', '2008-08-08', '22790180-2', NULL, 'HERNAN TORRES 541,', 'ERIKA.EYES8@GMAIL.COM', '972148879', 2, NULL, NULL, NULL, NULL, '2025-11-24 23:03:58', 'Activa', 78),
(76, 'BRAYAN EDUARDO', 'ORELLANA NÚÑEZ', '1999-09-27', '20098988-0', NULL, 'FINLANDIA 2588 POBL RENE SCHNEIDER', '', '315103', 3, NULL, NULL, NULL, NULL, '2025-11-24 23:03:58', 'Activa', 79),
(77, 'THIARE DENISSE', 'ORELLANA NÚÑEZ', '2000-10-20', '20348301-5', NULL, 'FINLANDIA 2588 POBL. R  SCHNEIDER', '', '315103', 3, NULL, NULL, NULL, NULL, '2025-11-24 23:03:58', 'Activa', 80),
(78, 'BENJAMÍN VICENTE', 'HORMAZÁBAL ESCOBAR', '2006-11-29', '22272120-2', NULL, 'HUASCO', '', '3210455', 3, NULL, NULL, NULL, NULL, '2025-11-24 23:03:58', 'Activa', 81),
(79, 'LUCIANO EDUARDO', 'CASAS CÁCERES', '2001-03-23', '20726750-3', NULL, '', '', '', 3, NULL, NULL, NULL, NULL, '2025-11-24 23:03:58', 'Activa', 82),
(80, 'CONSTANZA ANDREA', 'OLIVARES TAPIA', '2007-05-24', '22543295-3', NULL, 'AV.MANUEL VIDAL N°2  CHORRILLOS', '', '67207061', 3, NULL, NULL, NULL, NULL, '2025-11-24 23:03:58', 'Activa', 83),
(81, 'AMARÚ ANTTONIA', 'RÍOS JARA', '2005-05-19', '21878690-1', NULL, '', '', '2823576', 3, NULL, NULL, NULL, NULL, '2025-11-24 23:03:58', 'Activa', 84),
(82, 'MATHIAS IGNACIO', 'ALIAGA SEPÚLVEDA', '2007-08-26', '22494385-7', NULL, 'BRISAS DEL MAR DEP.21 BLOK 75', '', '2862378', 3, NULL, NULL, NULL, NULL, '2025-11-24 23:03:58', 'Activa', 85),
(83, 'CLAUDIA FRANCISCA', 'ARAVENA VIDAL', '1994-01-23', '18535723-6', NULL, 'PJE. HISPANO 631, GUMERCINDO', '', '', 3, NULL, NULL, NULL, NULL, '2025-11-24 23:03:58', 'Activa', 86),
(84, 'JAVIERA FERNANDA', 'MALTINA RIVAS', '2003-08-09', '21376293-1', NULL, 'CALLE   2    Nº 1472   VALENCIA ALTO', '', '', 3, NULL, NULL, NULL, NULL, '2025-11-24 23:03:58', 'Activa', 87),
(85, 'FRANCISCO ANTONIO', 'VICENCIO TAPIA', '1994-09-02', '19449083-6', NULL, '', '', '', 3, NULL, NULL, NULL, NULL, '2025-11-24 23:03:58', 'Activa', 88),
(86, 'JOAN CARLOS', 'MENA FARÍAS', '2002-11-22', '21179704-5', NULL, 'GOMEZ CARREÑO', '', '', 3, NULL, NULL, NULL, NULL, '2025-11-24 23:03:58', 'Activa', 89),
(87, 'PATRICIA ANGÉLICA', 'LÓPEZ OLAVE', '1961-11-07', '9593391-2', NULL, '', '', '', 3, NULL, NULL, NULL, NULL, '2025-11-24 23:03:58', 'Activa', 90),
(88, 'BRANDON ALEXANDER', 'TAPIA ALTAMIRANO', '2007-11-09', '22551132-2', NULL, 'CALLE TEMUCO 587 POB.LA FRONTERA', '', '', 3, NULL, NULL, NULL, NULL, '2025-11-24 23:03:58', 'Activa', 91),
(89, 'SUSANA ROSINA', 'REYES ROSALES', '1987-03-02', '16643025-9', NULL, '', '', '', 3, NULL, NULL, NULL, NULL, '2025-11-24 23:03:58', 'Activa', 92),
(90, 'BENJAMIN IGNACIO', 'SAN MARTÍN ORTIZ', '2006-09-18', '22216034-0', NULL, 'PATRICIO LINCH  Nº 624 PALMILLA ALTA', 'CHRISTIANSANMARTIN20@GMAIL.COM', '', 3, NULL, NULL, NULL, NULL, '2025-11-24 23:03:58', 'Activa', 93),
(91, 'FRANCISCO JAVIER', 'MONTECINOS ROCO', '2007-02-04', '22325090-4', NULL, 'BAQUDANO 1151', '', '', 3, NULL, NULL, NULL, NULL, '2025-11-24 23:03:58', 'Activa', 94),
(92, 'KEVIN ALEXANDER', 'HERRERA PÉREZ', '2003-10-11', '21421107-6', NULL, 'PASAJE DINAMARCA 1320-B', '', '', 3, NULL, NULL, NULL, NULL, '2025-11-24 23:03:58', 'Activa', 95),
(93, 'BETZABÉ NICOL', 'ÁLVAREZ GÁLVEZ', '1992-03-18', '17643380-9', NULL, '', '', '', 3, NULL, NULL, NULL, NULL, '2025-11-24 23:03:58', 'Activa', 96),
(94, 'JEMIMA CECILIA', 'SILVA FUENTEALBA', '1975-01-20', '12718836-K', NULL, '', '', '', 3, NULL, NULL, NULL, NULL, '2025-11-24 23:03:58', 'Activa', 97),
(95, 'ÍTALO MAXIMILIANO', 'YANTÉN BAEZ', '1987-03-15', '16691183-4', NULL, '', '', '', 3, NULL, NULL, NULL, NULL, '2025-11-24 23:03:58', 'Activa', 98),
(96, 'JORGE LUIS', 'JORDÁN INOSTROZA', '1989-09-16', '17169712-3', NULL, '', '', '', 3, NULL, NULL, NULL, NULL, '2025-11-24 23:03:58', 'Activa', 99),
(97, 'AÍDA ERCILIA', 'PÉREZ ALMENDRAS', '1984-06-20', '15762888-7', NULL, '', '', '', 3, NULL, NULL, NULL, NULL, '2025-11-24 23:03:58', 'Activa', 100),
(98, 'VICENTE ANTONIO', 'LOO FERNÁNDEZ', '2008-03-02', '22665520-4', NULL, 'DINAMARCA 1331 BLOCOK 18 DEPTO 104', '', '', 3, NULL, NULL, NULL, NULL, '2025-11-24 23:03:58', 'Activa', 101),
(99, 'MONSERRAT ANDREA', 'LÓPEZ CARVAJAL', '2009-06-06', '23045577-5', NULL, 'SAN ENRIQUE  CALLE 1', '', '961521988', 3, NULL, NULL, NULL, NULL, '2025-11-24 23:03:58', 'Activa', 102),
(100, 'GRISEL SOLANGE', 'FERNÁNDEZ REYES', '1998-08-21', '19665281-7', NULL, '', '', '', 3, NULL, NULL, NULL, NULL, '2025-11-24 23:03:58', 'Activa', 103),
(101, 'MARCELO PAOLO', 'SOLARI GRANADOS', '2003-08-18', '21383638-2', NULL, 'VALENTIN LETELIER 461 PEÑA BLANCA', '', '2965124', 3, NULL, NULL, NULL, NULL, '2025-11-24 23:03:58', 'Activa', 104),
(102, 'ARTURO SAYD', 'CEBRERO ARAYA', '2007-09-10', '22499561-K', NULL, 'EL LIBRO', '', '972093842', 3, NULL, NULL, NULL, NULL, '2025-11-24 23:03:58', 'Activa', 105),
(103, 'MARJORIE XIMENA', 'GODOY PUEBLA', '1985-03-20', '15993346-6', NULL, 'PAUL HARRIS', 'MARJORIEGODOY@LITECVA.CL', '946388731', 3, NULL, NULL, NULL, NULL, '2025-11-24 23:03:58', 'Activa', 106),
(104, 'MARITZA DEL CARMEN', 'PÁEZ TRUJILLO', '1965-07-12', '10406152-4', NULL, '', '', '', 3, NULL, NULL, NULL, NULL, '2025-11-24 23:03:58', 'Activa', 107),
(105, 'JUAN MANUEL ALEJANDRO', 'PUEBLA COLLADO', '2008-02-29', '22669256-8', NULL, 'PATRICIO LYNCH PALMILLA BAJA', '', '44231582', 3, NULL, NULL, NULL, NULL, '2025-11-24 23:03:58', 'Activa', 108),
(106, 'ROSSANA MILENKA', 'NÚÑEZ GUERRA', '1981-12-07', '15768312-8', NULL, '', '', '', 3, NULL, NULL, NULL, NULL, '2025-11-24 23:03:58', 'Activa', 109),
(107, 'VALENTÍN DOMINGO', 'ZAMORA FERNÁNDEZ', '1973-05-06', '12104353-K', NULL, '', '', '', 3, NULL, NULL, NULL, NULL, '2025-11-24 23:03:58', 'Activa', 110),
(108, 'ZUNILDA MAGDALENA', 'CASTRO JARA', '1964-02-21', '10011252-3', NULL, '', '', '', 3, NULL, NULL, NULL, NULL, '2025-11-24 23:03:58', 'Activa', 111),
(109, 'IVO MIGUEL ANTONIO', 'TUDELA POBLETE', '2005-02-22', '21781248-8', NULL, 'ECHAURREN 349 PALMILLA BAJA', 'ALINOPOBLETENUTIZ.45@GMAIL.COM', '', 3, NULL, NULL, NULL, NULL, '2025-11-24 23:03:58', 'Activa', 112),
(110, 'FERNANDO MATÍAS', 'MUÑOZ EGUREN', '1990-06-23', '21364876-4', NULL, '', '', '', 3, NULL, NULL, NULL, NULL, '2025-11-24 23:03:58', 'Activa', 113),
(111, 'ALEXANDER ANTONIO', 'CORDERO MUÑOZ', '2002-09-21', '21131440-0', NULL, 'SANTA  FILOMENA    1213', '', '', 3, NULL, NULL, NULL, NULL, '2025-11-24 23:03:58', 'Activa', 114),
(112, 'FERNANDO IGNACIO', 'HOLM GODOY', '2007-10-26', '22537301-9', NULL, 'PAUL HARRIS Nº 718 POBLACIÓN GUMERCINDO', 'FERNANDOHOLM@LITECVA.CL', '967851893', 3, NULL, NULL, NULL, NULL, '2025-11-24 23:03:58', 'Activa', 115),
(113, 'PABLO TOMÁS', 'NAVARRO FIGUEROA', '2006-10-27', '22248511-8', NULL, 'SARGENTO ALDEA 285 CASA 41', 'PABLO.NAVARRO@CATALUNYA.CMVA.CL', '', 3, NULL, NULL, NULL, NULL, '2025-11-24 23:03:58', 'Activa', 116),
(114, 'FRANCISCO ALEJANDRO', 'QUIROZ NAVARRETE', '2008-01-17', '22616300-K', NULL, 'LIMA 118 POB.FUENTES', 'QUIROZLEONC@GMAIL.COM', '', 3, NULL, NULL, NULL, NULL, '2025-11-24 23:03:58', 'Activa', 117),
(115, 'DENISSE ALEJANDRA ESTEFANIA', 'VALDÉS CARVAJAL', '2008-04-01', '22687238-8', NULL, 'DINAMARCA 1250 BLOCK 35 DEPTO 302', '', '', 3, NULL, NULL, NULL, NULL, '2025-11-24 23:03:58', 'Activa', 118),
(116, 'JOSÉ JAVIER', 'YÁÑEZ COLLADO', '2002-03-01', '20998919-0', NULL, 'PSJE. FRANCISCA VILLA LOS AROMOS', '', '', 3, NULL, NULL, NULL, NULL, '2025-11-24 23:03:58', 'Activa', 119),
(117, 'KATIA ANAIZ', 'BARRERA VERGARA', '2007-03-24', '22358095-5', NULL, 'CASTRO  SOMASUR', '', '', 3, NULL, NULL, NULL, NULL, '2025-11-24 23:03:58', 'Activa', 120),
(118, 'JONATHAN MARCELO', 'MORENO JERIA', '2006-12-29', '22298122-0', NULL, 'JORGE INOSTROZA    889', '', '', 3, NULL, NULL, NULL, NULL, '2025-11-24 23:03:58', 'Activa', 121),
(119, 'PATRICIA ALEJANDRA', 'RIVERA ARAYA', '1988-05-18', '17014974-2', NULL, '', '', '', 4, NULL, NULL, NULL, NULL, '2025-11-24 23:03:58', 'Activa', 122),
(120, 'FABIÁN GEOVANNI', 'CAMPOS CONTRERAS', '2007-04-17', '22377443-1', NULL, 'PARCELA', '', '', 4, NULL, NULL, NULL, NULL, '2025-11-24 23:03:58', 'Activa', 123),
(121, 'SOFÍA VALENTINA', 'VILLENA ESPINOZA', '2007-04-29', '22388582-9', NULL, '', '', '', 4, NULL, NULL, NULL, NULL, '2025-11-24 23:03:58', 'Activa', 124),
(122, 'LUCAS MATEO', 'REYES COSMELLI', '2007-05-12', '22396686-1', NULL, 'PASAJE 806 CASA 812', '', '2945519', 4, NULL, NULL, NULL, NULL, '2025-11-24 23:03:58', 'Activa', 125),
(123, 'GABRIEL EMMANUEL', 'VIVANCO CASTILLO', '2007-11-08', '22552279-0', NULL, 'CALLE CENTRAL LOTE 12 POBLACION LOMAS DE BELLAVISTA', 'TAMYCASTILLO31@GMAIL.COM', '947937085', 4, NULL, NULL, NULL, NULL, '2025-11-24 23:03:58', 'Activa', 126),
(124, 'ISIDORA PAZ', 'MORALES CASTRO', '2008-12-30', '22909550-1', NULL, '', '', '', 4, NULL, NULL, NULL, NULL, '2025-11-24 23:03:58', 'Activa', 127),
(125, 'FRANCO ANDRÉS', 'GONZÁLEZ MORAGA', '2004-08-31', '21655983-5', NULL, 'LOS ZAPADORES 1645 BLOCK 11 DPTO 202 , VILLA ALEMANA', 'P.MORAGA.ASEOSMCVINA@GMAIL.COM', '954437036', 4, NULL, NULL, NULL, NULL, '2025-11-24 23:03:58', 'Activa', 128),
(126, 'ALVARO DENNY', 'KRUG LÓPEZ', '2005-11-01', '21968780-K', NULL, 'HIPODROMO, C. LOS DANIELES 1551 DEPTO. 204', 'LOPEZSORAYA2908@GMALI.COM', '998394857', 4, NULL, NULL, NULL, NULL, '2025-11-24 23:03:58', 'Activa', 129),
(127, 'ROSA VICTORIA', 'VENEGAS PULGAR', '2007-11-05', '22541722-9', NULL, 'SAN ENRIQUE 860', 'ROSAVENEGASPULGAR@GMAIL.COM', '', 4, NULL, NULL, NULL, NULL, '2025-11-24 23:03:58', 'Activa', 130),
(128, 'MAURICIO ANDRÉS', 'ROMÁN MOSCOSO', '2004-05-11', '21574216-4', NULL, 'BUENOS AIRES 1110  BAQUEDANO', '', '', 4, NULL, NULL, NULL, NULL, '2025-11-24 23:03:58', 'Activa', 131),
(129, 'IGNACIA BELÉN ANTONIA', 'LÓPEZ MONTENEGRO', '2007-01-10', '22304106-K', NULL, 'PALMILLA Nº 131', 'IGNACIA.LOPEZ@COLEGIONACIONAL.CL', '', 4, NULL, NULL, NULL, NULL, '2025-11-24 23:03:58', 'Activa', 132),
(130, 'VICENTE ANTONIO', 'GONZÁLEZ OROZCO', '2007-07-21', '22460516-1', NULL, 'ARTURO PRAT', '', '', 4, NULL, NULL, NULL, NULL, '2025-11-24 23:03:58', 'Activa', 133),
(131, 'BRANDÓN FRANCISCO', 'GÓMEZ URIBE', '2007-06-14', '22424911-K', NULL, 'IGNACIO CARRERA PINTO', '', '986540221', 4, NULL, NULL, NULL, NULL, '2025-11-24 23:03:58', 'Activa', 134),
(132, 'IAN FRANCISCO', 'HINOJOSA NOVA', '2006-10-13', '22239499-6', NULL, 'PASAJE. MIRIAM 1111', 'CHEHINOJOSA@GMAIL.COM', '2319464', 4, NULL, NULL, NULL, NULL, '2025-11-24 23:03:58', 'Activa', 135),
(133, 'CRISTIÁN GABRIEL', 'ORTIZ ZÚÑIGA', '2007-10-24', '22533789-6', NULL, '', '', '', 4, NULL, NULL, NULL, NULL, '2025-11-24 23:03:58', 'Activa', 136),
(134, 'BENJAMÍN ANTONIO', 'MARTÍNEZ AGUIRRE', '2006-12-08', '22277861-1', NULL, 'CARRERA 1811', '', '', 4, NULL, NULL, NULL, NULL, '2025-11-24 23:03:58', 'Activa', 137),
(135, 'ANASTASIA ALEJANDRA DANAIS', 'DÍAZ PEREIRA', '2007-02-22', '22337793-9', NULL, 'CALLE PAUL HARRIS', '', '57406959', 4, NULL, NULL, NULL, NULL, '2025-11-24 23:03:58', 'Activa', 138),
(136, 'MARÍA LEONTINA', 'ARMIJO VERA', '1973-10-07', '14453070-5', NULL, '', '', '', 4, NULL, NULL, NULL, NULL, '2025-11-24 23:03:58', 'Activa', 139),
(137, 'FERNANDA PAULINA', 'IBARRA SÁNCHEZ', '2007-06-20', '22424799-0', NULL, '', '', '', 4, NULL, NULL, NULL, NULL, '2025-11-24 23:03:58', 'Activa', 140),
(138, 'NICOL ANDREA', 'CASTRO GUAJARDO', '2005-08-24', '21921209-7', NULL, 'AV. NUEVA HIPODROMO', 'JACQUELINEGUAJARDO4@GMAIL.COM', '', 4, NULL, NULL, NULL, NULL, '2025-11-24 23:03:58', 'Activa', 141),
(139, 'MIDIA ADNAN', 'NABO', '1989-04-16', '25942132-2', NULL, 'I. CARRERA PINTO', 'CFTALEMAN@GMAIL.COM', '', 4, NULL, NULL, NULL, NULL, '2025-11-24 23:03:58', 'Activa', 142),
(140, 'CAMILA BELÉN', 'OSORIO ZÚÑIGA', '2007-05-22', '22407808-0', NULL, 'AVENIDA LA PALMA', 'MA.FLORESPSIPEDAGOGA@GMAIL.COM', '323243572', 4, NULL, NULL, NULL, NULL, '2025-11-24 23:03:58', 'Activa', 143),
(141, 'BENJAMÍN ALEJANDRO', 'AROS CABELLO', '2007-06-17', '22426016-4', NULL, '', '', '', 4, NULL, NULL, NULL, NULL, '2025-11-24 23:03:58', 'Activa', 144),
(142, 'BENJAMÍN GABRIEL', 'GARCÍA VICENCIO', '2007-04-16', '22377815-1', NULL, 'WAGNER', '', '977089647', 4, NULL, NULL, NULL, NULL, '2025-11-24 23:03:58', 'Activa', 145),
(143, 'JAVIERA PAZ', 'CHÁVEZ CABRERA', '2007-09-08', '22497419-1', NULL, 'PJE LAGO CHAPO  POB.EL ÁLAMO', '', '', 4, NULL, NULL, NULL, NULL, '2025-11-24 23:03:58', 'Activa', 146),
(144, 'HÉCTOR DANIEL', 'MONTEJO IRRIBARRA', '2007-09-25', '22507636-7', NULL, '', '', '', 4, NULL, NULL, NULL, NULL, '2025-11-24 23:03:58', 'Activa', 147),
(145, 'BRITANY ZUELY', 'TRONCOSO FERNÁNDEZ', '2004-03-09', '21529124-3', NULL, 'DINAMARCA CON SAN JOSE , BLOCK 19, DEP-103', 'JOSE.TRON35@GMAIL.COM', '', 4, NULL, NULL, NULL, NULL, '2025-11-24 23:03:58', 'Activa', 148),
(146, 'MARTINA TRINIDAD', 'PÉREZ CORTÉS', '2007-04-04', '22372290-3', NULL, 'CALLE CANAL  CHACAO 375 CANAL BEAGLE', '', '', 5, NULL, NULL, NULL, NULL, '2025-11-24 23:03:58', 'Activa', 149),
(147, 'GABRIELA VALENTINA', 'SOLORZANO', '2007-09-21', '26637822-K', NULL, '', '', '935589841', 5, NULL, NULL, NULL, NULL, '2025-11-24 23:03:58', 'Activa', 150),
(148, 'GABRIEL ALEXANDER', 'VEGA VENEGAS', '2008-03-06', '22662744-8', NULL, 'AV. OCTAVA 412 - B PARADERO 7 1/2', '', '', 5, NULL, NULL, NULL, NULL, '2025-11-24 23:03:58', 'Activa', 151),
(149, 'BENJAMÍN OMAR ALFREDO', 'MUÑOZ ARRIAGADA', '2005-10-12', '21952915-5', NULL, 'PJE. LASCAR 2132, LOS PINOS', '', '', 5, NULL, NULL, NULL, NULL, '2025-11-24 23:03:58', 'Activa', 152),
(150, 'BENJAMÍN IGNACIO', 'ARMIJO NEGRETE', '2007-09-15', '22505566-1', NULL, 'CALLE SANTIAGO 931. VILLA MONTECARLO. BELLOTO NORTE', '', '', 5, NULL, NULL, NULL, NULL, '2025-11-24 23:03:58', 'Activa', 153),
(151, 'JAVIERA ALEJANDRA', 'GAMBOA SEPÚLVEDA', '2007-09-20', '22508301-0', NULL, 'LINCOYAN', '', '', 5, NULL, NULL, NULL, NULL, '2025-11-24 23:03:58', 'Activa', 154),
(152, 'NICHOLAS JESÚS', 'PUENTE CORNEJO', '2003-11-22', '21450281-K', NULL, 'ALCALDE ALEJANDRO PERALTA', 'C.CORNEJO25@GMAIL.COM', '', 5, NULL, NULL, NULL, NULL, '2025-11-24 23:03:58', 'Activa', 155),
(153, 'ANA PAULA', 'SILVA DÍAZ', '1991-08-26', '17944711-8', NULL, '', '', '', 5, NULL, NULL, NULL, NULL, '2025-11-24 23:03:58', 'Activa', 156),
(154, 'AGUSTINA PATRICIA', 'LÓPEZ AROS', '2007-06-30', '22430956-2', NULL, 'CALLE ARICA 450 PALMILLA ALTA VILLA ALEMANA', '', '2951288', 5, NULL, NULL, NULL, NULL, '2025-11-24 23:03:58', 'Activa', 157),
(155, 'MASSIEL ALEXANDRA', 'ORDÓÑEZ CELEDÓN', '2007-10-26', '22536512-1', NULL, 'LOS NARCISOS 2090 LOS DANIELES BLOCK 2 DEPTO 402', 'KARINACELEDON31@GMAIL.COM', '', 5, NULL, NULL, NULL, NULL, '2025-11-24 23:03:58', 'Activa', 158),
(156, 'PATRICIA INES', 'SAAVEDRA GÁLVEZ', '2007-03-06', '22348392-5', NULL, 'VOLCAN', '', '', 5, NULL, NULL, NULL, NULL, '2025-11-24 23:03:58', 'Activa', 159),
(157, 'MATÍAS EDUARDO', 'SALAZAR VALENCIA', '2006-02-21', '22058549-2', NULL, 'LOS ESPINOS 402', 'SEPTIMOMELVINJONES2020@HOTMAIL.COM', '', 5, NULL, NULL, NULL, NULL, '2025-11-24 23:03:58', 'Activa', 160),
(158, 'DAYENU BELEN', 'VARAS ARRIAGADA', '2006-05-14', '22119940-5', NULL, 'DINAMARCA', '', '', 5, NULL, NULL, NULL, NULL, '2025-11-24 23:03:58', 'Activa', 161),
(159, 'IGNACIA ALEJANDRA BELÉN', 'AHUMADA FLORES', '2007-01-23', '22311606-K', NULL, 'EL MIRADOR 0481 VILLA ALEMANA', '', '318425', 5, NULL, NULL, NULL, NULL, '2025-11-24 23:03:58', 'Activa', 162),
(160, 'CONSTANZA BELÉN', 'ALARCÓN FIGUEROA', '2007-11-01', '22540195-0', NULL, 'JERUSALÉN CON 7 Nº 1153', '', '2560215', 5, NULL, NULL, NULL, NULL, '2025-11-24 23:03:58', 'Activa', 163),
(161, 'PÍA MONTSERRATT', 'QUIROZ FARÍAS', '2005-08-23', '21919490-0', NULL, 'LOS ZAPADORES 1636 B/16 DEPTO 105', '', '', 5, NULL, NULL, NULL, NULL, '2025-11-24 23:03:58', 'Activa', 164),
(162, 'EMMA EDITH', 'ROJAS', '2006-09-08', '100499521-6', NULL, 'COLO COLO PASAJE DAVID TRUMBALL', '', '', 5, NULL, NULL, NULL, NULL, '2025-11-24 23:03:58', 'Activa', 165),
(163, 'SEBASTIAN ENRIQUE', 'ENCINA CASTRO', '2006-08-16', '22188454-K', NULL, 'LAGOS TODOS LOS SANTOS 023 VILLA ARMAT', 'SEBASTIAN.ENCINA@BARROSARANA.CMVA.CL', '', 5, NULL, NULL, NULL, NULL, '2025-11-24 23:03:58', 'Activa', 166),
(164, 'PAZ ANTONIA', 'GARCÍA DÍAZ', '2008-03-11', '22673008-7', NULL, '', '', '', 5, NULL, NULL, NULL, NULL, '2025-11-24 23:03:58', 'Activa', 167),
(165, 'IGNACIO ANDRÉS', 'ITE DE LA MAZA', '2007-06-24', '22460318-5', NULL, 'BERNARDO LEIGTHON', '', '', 5, NULL, NULL, NULL, NULL, '2025-11-24 23:03:58', 'Activa', 168),
(166, 'HÉCTOR DANIEL', 'MONTEJO IRRIBARRA', '2007-09-25', '22507636-7', NULL, '', '', '', 5, NULL, NULL, NULL, NULL, '2025-11-24 23:03:58', 'Activa', 169),
(167, 'SEBASTIÁN ANDRÉS', 'CARRASCO VERA', '2005-08-18', '21914783-K', NULL, 'SANTA ANA 824', '', '', 5, NULL, NULL, NULL, NULL, '2025-11-24 23:03:58', 'Activa', 170),
(168, 'AMARILY DANIELA ANTONIA', 'PACHECO CORTÉS', '2006-04-11', '22095613-K', NULL, 'TUCAPEL 115,POBL. LO BERMUDEZ.PEÑABLANCA', 'CAROLITABONITAUWU@GMAIL.COM', '2822224', 5, NULL, NULL, NULL, NULL, '2025-11-24 23:03:58', 'Activa', 171),
(169, 'PAULA CONSTANZA', 'ARDILES DONOSO', '2007-03-09', '22350713-1', NULL, 'LOMAS DE BELLAVISTA', 'CHINA_JUAN@HOTMAIL.COM', '9477717716', 5, NULL, NULL, NULL, NULL, '2025-11-24 23:03:58', 'Activa', 172),
(170, 'DANIEL ALEXANDER', 'CALDERÓN RUSS', '2006-08-29', '22198948-1', NULL, 'PJE BERLIN Nº7 POB UNIOPORT', '', '2115180', 5, NULL, NULL, NULL, NULL, '2025-11-24 23:03:58', 'Activa', 173),
(171, 'WILLIAM MATÍAS NAHUM', 'CORTÉS GÓMEZ', '2007-08-01', '22467773-1', NULL, 'SAN IGNACIO', '', '965639097', 5, NULL, NULL, NULL, NULL, '2025-11-24 23:03:58', 'Activa', 174),
(172, 'IGNACIA DANESKA', 'TAPIA CATALÁN', '2006-02-15', '22073757-8', NULL, 'PASAJE LOS PERALES Nº 3120 POBLACIÓN DON FERNANDO', 'IGNACIA.TAPIA@BARROSARANA.CMVA.CL', '', 5, NULL, NULL, NULL, NULL, '2025-11-24 23:03:58', 'Activa', 175),
(173, 'BASTIÁN IGNACIO', 'PARRAGUIRRE VARGAS', '2007-04-30', '22385718-3', NULL, 'PASAJE ARAGON 0537, VILLA REINA', '', '', 5, NULL, NULL, NULL, NULL, '2025-11-24 23:03:58', 'Activa', 176),
(174, 'MARTINA AMANDA', 'COVARRUBIAS HERNÁNDEZ', '2006-03-23', '22084369-6', NULL, '', '', '', 5, NULL, NULL, NULL, NULL, '2025-11-24 23:03:58', 'Activa', 177),
(175, 'IGNACIO ANDRÉS', 'SILVA DÍAZ', '2003-07-18', '21340674-4', NULL, 'DINAMARCA   B-32  D-301', '', '', 5, NULL, NULL, NULL, NULL, '2025-11-24 23:03:58', 'Activa', 178),
(176, 'GIOVANNI ANDRÉS', 'GARCÉS PALMA', '2007-03-19', '22378181-0', NULL, 'PASAJE LOS PIONEROS', '', '984906500', 5, NULL, NULL, NULL, NULL, '2025-11-24 23:03:58', 'Activa', 179),
(177, 'GABRIELA MONSERRATT', 'MUÑOZ MUÑOZ', '2007-01-31', '22321903-9', NULL, 'CALLE DOLORES 830 PALMILLA ALTA, VILLA ALEMANA', 'YAJA_MUNOZLOZ@HOTMAIL.COM', '95574673', 5, NULL, NULL, NULL, NULL, '2025-11-24 23:03:58', 'Activa', 180),
(178, 'CARLOS ALEJANDRO', 'MICHEAS MONDACA', '2008-05-06', '22719656-4', NULL, 'JOSE MIGUEL CARRERA', 'CARLOS.MICHEAS.M@EDUCAQUILPUE.CL', '', 5, NULL, NULL, NULL, NULL, '2025-11-24 23:03:58', 'Activa', 181),
(179, 'JOAQUÍN ALONSO', 'LINEROS OLIVARES', '2006-02-12', '22051134-0', NULL, 'BERNARDO LEIGHTON 1040', 'GIULIANANADIE@GMAIL.COM', '', 5, NULL, NULL, NULL, NULL, '2025-11-24 23:03:58', 'Activa', 182),
(180, 'MAXIMILIANO ALONSO', 'MEZA PEREIRA', '2007-12-10', '22576513-8', NULL, 'PJE. OLMO', 'GABRIELA.76.PEREIRA@GMAIL.COM', '', 5, NULL, NULL, NULL, NULL, '2025-11-24 23:03:58', 'Activa', 183),
(181, 'EDUARDO IGNACIO', 'VALENZUELA BECERRA', '2007-07-04', '22435497-5', NULL, 'LAS ACACIAS', 'EDUARDO.VALENZUELA@MANUELMONTT.CMVA.CL', '', 5, NULL, NULL, NULL, NULL, '2025-11-24 23:03:58', 'Activa', 184),
(182, 'AZÚMI YUKARY', 'CORNEJO NÚÑEZ', '2007-05-10', '22396669-1', NULL, 'LONCOCHE , LA FRONTERA', '', '', 5, NULL, NULL, NULL, NULL, '2025-11-24 23:03:58', 'Activa', 185),
(183, 'MILA JANA', 'ROJAS PINTO', '2005-05-29', '21872224-5', NULL, 'LOS DAMASCOS N° 1664', 'RJASMILA7@GMAIL.COM', '', 5, NULL, NULL, NULL, NULL, '2025-11-24 23:03:58', 'Activa', 186),
(184, 'EMMANUEL ALEJANDRO', 'ROMERO TORO', '2005-11-25', '21985414-5', NULL, 'LOS NARDOS 2550', '', '', 5, NULL, NULL, NULL, NULL, '2025-11-24 23:03:58', 'Activa', 187),
(185, 'VINCHENNZO ANÍBAL', 'SORIAGALVARRO NÚÑEZ', '2006-04-23', '22120440-9', NULL, 'FINLANDIA 2598', '', '', 6, NULL, NULL, NULL, NULL, '2025-11-24 23:03:58', 'Activa', 188),
(186, 'DANIEL ESTEBAN', 'PINTO DESIDER', '2006-08-25', '22192990-K', NULL, 'CALLEJON EL CULTO Nº101 BARRACITA', '', '', 6, NULL, NULL, NULL, NULL, '2025-11-24 23:03:58', 'Activa', 189),
(187, 'LISSETE GRACIELA', 'RIQUELME ACEVEDO', '1995-06-07', '18998130-9', NULL, '', '', '', 6, NULL, NULL, NULL, NULL, '2025-11-24 23:03:58', 'Activa', 190),
(188, 'SARA', 'ALFARO GARZÓN', '2006-07-28', '24716507-K', NULL, 'CALLE MÉXICO 1951', '', '613910', 6, NULL, NULL, NULL, NULL, '2025-11-24 23:03:58', 'Activa', 191),
(189, 'KAMILA ANTONELLA', 'LEZANA GAETE', '1996-10-11', '19424026-0', NULL, 'PROCYON N° 1018  VILLA ALDEBARÁN BELLOTO SUR', '', '2111349', 6, NULL, NULL, NULL, NULL, '2025-11-24 23:03:58', 'Activa', 192),
(190, 'MARTINA BELÉN', 'LEÓN BENÍTEZ', '2008-03-11', '22672265-3', NULL, 'ALMIRANTE WILSON 977. BELLOTO NORTE', '', '', 6, NULL, NULL, NULL, NULL, '2025-11-24 23:03:58', 'Activa', 193),
(191, 'IGNACIA BELÉN', 'PEREIRA OCARIZ', '1999-07-19', '20224606-0', NULL, '', '', '', 6, NULL, NULL, NULL, NULL, '2025-11-24 23:03:58', 'Activa', 194),
(192, 'ESCARLET ANTONIA', 'RETAMAL MUÑOZ', '2007-12-26', '22600850-0', NULL, 'SERENA 889', 'ALEJANDRAA_MM@HOTMAIL.COM', '', 6, NULL, NULL, NULL, NULL, '2025-11-24 23:03:58', 'Activa', 195),
(193, 'MARTINA AMANDA', 'COVARRUBIAS HERNÁNDEZ', '2006-03-23', '22084369-6', NULL, '', '', '', 6, NULL, NULL, NULL, NULL, '2025-11-24 23:03:58', 'Activa', 196),
(194, 'NICOLÁS ANDRÉS', 'DÍAZ ARANCIBIA', '2007-10-31', '22542225-7', NULL, '', '', '', 6, NULL, NULL, NULL, NULL, '2025-11-24 23:03:58', 'Activa', 197),
(195, 'ALDEBARAN LEE', 'CANALES DÍAZ', '2006-06-20', '22146454-0', NULL, 'MARIA ISABEL BELLOTO', 'ALDEBARAN.CANALES@LATINAIGO.CMVA.CL', '322950764', 6, NULL, NULL, NULL, NULL, '2025-11-24 23:03:58', 'Activa', 198),
(196, 'JAVIER ALEJANDRO', 'PLAZA VARGAS', '2006-01-01', '22017405-0', NULL, 'SANTA SARA 1620', 'PLAZAVARGASJAVIER47@GMAIL.COM', '993933634', 6, NULL, NULL, NULL, NULL, '2025-11-24 23:03:58', 'Activa', 199),
(197, 'FERNANDO ANDRÉS', 'RAMÍREZ GARCÍA', '2001-09-22', '20850804-0', NULL, 'EUCALIPTUS, PJE. LAS MANDARINAS', '', '', 6, NULL, NULL, NULL, NULL, '2025-11-24 23:03:58', 'Activa', 200),
(198, 'TOMÁS JOSUÉ', 'CASANOVA ZAVALA', '2008-07-09', '22769771-7', NULL, '', '', '', 6, NULL, NULL, NULL, NULL, '2025-11-24 23:03:58', 'Activa', 201),
(199, 'FRANCISCA ANASTASIA', 'BAHAMONDES JARA', '2007-06-15', '22420482-5', NULL, 'IGNACIO SERRANO 1863 B', '', '', 6, NULL, NULL, NULL, NULL, '2025-11-24 23:03:58', 'Activa', 202),
(200, 'ZUNILDA MAGDALENA', 'CASTRO JARA', '1964-02-21', '10011252-3', NULL, '', '', '', 6, NULL, NULL, NULL, NULL, '2025-11-24 23:03:58', 'Activa', 203),
(201, 'JOAQUÍN ALONSO', 'LINEROS OLIVARES', '2006-02-12', '22051134-0', NULL, 'BERNARDO LEIGHTON 1040', 'GIULIANANADIE@GMAIL.COM', '', 6, NULL, NULL, NULL, NULL, '2025-11-24 23:03:58', 'Activa', 204),
(202, 'MICHELLE NOEMÍ', 'JOHNS ABARZA', '2002-03-09', '21000153-0', NULL, 'PAUL HARRIS 594 GUMERCINDO', '', '', 6, NULL, NULL, NULL, NULL, '2025-11-24 23:03:58', 'Activa', 205),
(203, 'MAURA ALEXANDRA', 'PUEBLA COLLADO', '2005-05-28', '21856306-6', NULL, 'PATRICIO LYNMCH', '', '0322534981', 6, NULL, NULL, NULL, NULL, '2025-11-24 23:03:58', 'Activa', 206),
(204, 'GABRIELA MONSERRATT', 'MUÑOZ MUÑOZ', '2007-01-31', '22321903-9', NULL, 'CALLE DOLORES 830 PALMILLA ALTA, VILLA ALEMANA', 'YAJA_MUNOZLOZ@HOTMAIL.COM', '95574673', 6, NULL, NULL, NULL, NULL, '2025-11-24 23:03:58', 'Activa', 207),
(205, 'FRANCISCA BEATRIZ', 'ARAYA OLIVARES', '2004-05-26', '21586605-K', NULL, 'CASTELLON', '', '', 6, NULL, NULL, NULL, NULL, '2025-11-24 23:03:58', 'Activa', 208),
(206, 'BEATRIZ DEL CARMEN', 'AGUILERA ALCORCE', '1989-01-19', '17160501-6', NULL, 'TERCERA/LERIDA BLOCK A-20 DEPTO.308 POBL. GUMERCINDO', '', '2534580', 6, NULL, NULL, NULL, NULL, '2025-11-24 23:03:58', 'Activa', 209),
(207, 'AZÚMI YUKARY', 'CORNEJO NÚÑEZ', '2007-05-10', '22396669-1', NULL, 'LONCOCHE , LA FRONTERA', '', '', 6, NULL, NULL, NULL, NULL, '2025-11-24 23:03:58', 'Activa', 210),
(208, 'PAULINA ANDREA', 'ARAVENA GONZÁLEZ', '1985-12-02', '16330489-9', NULL, '', '', '', 6, NULL, NULL, NULL, NULL, '2025-11-24 23:03:58', 'Activa', 211),
(209, 'IGNACIO ANDRÉS', 'CHAPPA RODRÍGUEZ', '2006-08-17', '22192298-0', NULL, 'COVADONGA 465 , PEÑABLANCA', '', '', 6, NULL, NULL, NULL, NULL, '2025-11-24 23:03:58', 'Activa', 212),
(210, 'KALID KARIN', 'LÍBANO ESPINOZA', '2008-08-04', '22793576-6', NULL, 'MALU GATICA', 'MACARENAESPINOZA36@GMAIL.COM', '', 6, NULL, NULL, NULL, NULL, '2025-11-24 23:03:58', 'Activa', 213),
(211, 'JEAN PIERRE ANTONIO', 'JORQUERA BARLOW', '2008-08-13', '22801998-4', NULL, 'MARTA CALVIN 2412 TRONCOS VIEJOS', '', '', 6, NULL, NULL, NULL, NULL, '2025-11-24 23:03:58', 'Activa', 214),
(212, 'MILLARAY ANTONELLA', 'CORREA MORALES', '2006-04-07', '22092362-2', NULL, 'DINAMARCA 1249 BLOCK 21 DPTO 203', '', '', 6, NULL, NULL, NULL, NULL, '2025-11-24 23:03:58', 'Activa', 215),
(213, 'ARANTZA ROSE MARIE', 'VILLARROEL GÓMEZ', '2007-10-26', '22543940-0', NULL, 'LOS ZAPADORES, VILLA SAN JOSE', '', '', 6, NULL, NULL, NULL, NULL, '2025-11-24 23:03:58', 'Activa', 216),
(214, 'MARIELA IVONNE', 'SUÁREZ GRANDI', '1990-06-08', '17568204-K', NULL, '', '', '', 6, NULL, NULL, NULL, NULL, '2025-11-24 23:03:58', 'Activa', 217),
(215, 'MAXIMILIANO ALONSO', 'MEZA PEREIRA', '2007-12-10', '22576513-8', NULL, 'PJE. OLMO', 'GABRIELA.76.PEREIRA@GMAIL.COM', '', 6, NULL, NULL, NULL, NULL, '2025-11-24 23:03:58', 'Activa', 218),
(216, 'BELÉN ANTONELLA', 'ROMERO ROJAS', '2004-01-24', '21496517-8', NULL, 'ABTAO 238 PEÑABLANCA', '', '2722959', 6, NULL, NULL, NULL, NULL, '2025-11-24 23:03:58', 'Activa', 219),
(217, 'GABRIEL EMMANUEL', 'VIVANCO CASTILLO', '2007-11-08', '22552279-0', NULL, 'CALLE CENTRAL LOTE 12 POBLACION LOMAS DE BELLAVISTA', 'TAMYCASTILLO31@GMAIL.COM', '947937085', 6, NULL, NULL, NULL, NULL, '2025-11-24 23:03:58', 'Activa', 220),
(218, 'MAXIMILIANO BENJAMÍN', 'CONTRERAS ARANDA', '2005-07-04', '21921729-3', NULL, 'SAN RAFAEL 896', '', '978691262', 6, NULL, NULL, NULL, NULL, '2025-11-24 23:03:58', 'Activa', 221),
(219, 'JAVIERA PAZ', 'CHÁVEZ CABRERA', '2007-09-08', '22497419-1', NULL, 'PJE LAGO CHAPO  POB.EL ÁLAMO', '', '', 6, NULL, NULL, NULL, NULL, '2025-11-24 23:03:58', 'Activa', 222),
(220, 'KEVIN DANELL ALEJANDRO', 'CAMPOS DÍAZ', '2005-09-08', '21931670-4', NULL, 'HUANHUALI BLOCK 1549 DEPTO 42', 'GRISSEL.DIAZ@GMAIL.COM', '', 6, NULL, NULL, NULL, NULL, '2025-11-24 23:03:58', 'Activa', 223),
(221, 'DAVY SEBASTIÁN ELÍAS ARIEL', 'MARTINEZ GÓMEZ', '2008-01-16', '22615611-9', NULL, '', '', '', 6, NULL, NULL, NULL, NULL, '2025-11-24 23:03:58', 'Activa', 224),
(222, 'WILLIAM MATÍAS NAHUM', 'CORTÉS GÓMEZ', '2007-08-01', '22467773-1', NULL, 'SAN IGNACIO', '', '965639097', 6, NULL, NULL, NULL, NULL, '2025-11-24 23:03:58', 'Activa', 225),
(223, 'ANTONIA SOFÍA', 'ARREDONDO SOTOMAYOR', '2007-03-06', '22344863-1', NULL, '', '', '', 6, NULL, NULL, NULL, NULL, '2025-11-24 23:03:58', 'Activa', 226),
(224, 'KARLA ARACELLI', 'VALDIVIA ARAYA', '1999-02-08', '20067622-K', NULL, 'PIEDRA LOBO N° 1141', '', '', 6, NULL, NULL, NULL, NULL, '2025-11-24 23:03:58', 'Activa', 227),
(225, 'MATÍAS WLADIMIR', 'PALMA FORMAS', '2008-06-14', '22747201-4', NULL, 'TOCORNAL 2374', '', '', 6, NULL, NULL, NULL, NULL, '2025-11-24 23:03:58', 'Activa', 228),
(226, 'DILAN ANTHONY', 'BENÍTEZ ABARZÚA', '2007-10-03', '22520057-2', NULL, 'CALLE SEIS CASA 36 CERRO BARON', '', '', 7, NULL, NULL, NULL, NULL, '2025-11-24 23:03:58', 'Activa', 229),
(227, 'PAULINA ALEJANDRA', 'VÁSQUEZ OYANEDEL', '2007-05-28', '22409510-4', NULL, '', '', '', 7, NULL, NULL, NULL, NULL, '2025-11-24 23:03:58', 'Activa', 230),
(228, 'FRANCISCA BELÉN', 'HERRERA MOLINA', '2001-01-16', '15201150-4', NULL, 'PASAJE ANCUD Nº 744 EL OASIS BELLOTO NORTE', '', '2982759', 7, NULL, NULL, NULL, NULL, '2025-11-24 23:03:58', 'Activa', 231),
(229, 'JAVIERA MARCELA', 'ORELLANA ASTORGA', '2006-07-12', '22163368-7', NULL, 'LOS CARRERA 0242', '', '', 7, NULL, NULL, NULL, NULL, '2025-11-24 23:03:58', 'Activa', 232),
(230, 'GLENY CONSTANZA', 'VELÁSQUEZ LOBOS', '2006-06-16', '22146697-7', NULL, 'EL RETIRO 1668 5TO SECTOR BELLOTO', '', '2337800', 7, NULL, NULL, NULL, NULL, '2025-11-24 23:03:58', 'Activa', 233),
(231, 'BENJAMÍN FRANCISCO', 'CARRASCO FARÍAS', '2005-07-12', '21884336-0', NULL, 'LOS QUILLAYES', '', '', 7, NULL, NULL, NULL, NULL, '2025-11-24 23:03:58', 'Activa', 234),
(232, 'JONATAN MANUEL', 'HERNÁNDEZ CHÁVEZ', '2006-10-01', '22237451-0', NULL, 'LINCOYAN 811, BELLOTO NORTE', '', '979285719', 7, NULL, NULL, NULL, NULL, '2025-11-24 23:03:58', 'Activa', 235),
(233, 'GIOVANNI ANDRÉS', 'GARCÉS PALMA', '2007-03-19', '22378181-0', NULL, 'PASAJE LOS PIONEROS', '', '984906500', 7, NULL, NULL, NULL, NULL, '2025-11-24 23:03:58', 'Activa', 236),
(234, 'BASTIÁN IGNACIO', 'GONZÁLEZ VERGARA', '2007-01-14', '22304293-7', NULL, 'LAGO JANOSA 2680 CONDOMINIO SAN ALBERTO LA FORESTA', 'BASTIAN.GONZALEZ@BARROSARANA.CMVA.CL', '', 7, NULL, NULL, NULL, NULL, '2025-11-24 23:03:58', 'Activa', 237),
(235, 'ELÍAS FABIÁN', 'HERNÁNDEZ ARROYO', '2001-01-01', '20655048-1', NULL, 'MARÍA MERCEDES 1160, ROSENQUIST', '', '322563104', 7, NULL, NULL, NULL, NULL, '2025-11-24 23:03:58', 'Activa', 238),
(236, 'MÓNICA DE LAS MERCEDES', 'OYANEDEL SAAVEDRA', '1982-04-01', '15437391-8', NULL, '', '', '', 7, NULL, NULL, NULL, NULL, '2025-11-24 23:03:58', 'Activa', 239),
(237, 'CHEILA DIANI', 'RIVERO CRUZ', '2004-10-15', '100751976-8', NULL, '', '', '', 7, NULL, NULL, NULL, NULL, '2025-11-24 23:03:58', 'Activa', 240),
(238, 'GONZALO ANDRÉS', 'VILLARROEL SOTOMAYOR', '1989-12-23', '17275325-6', NULL, '', '', '', 7, NULL, NULL, NULL, NULL, '2025-11-24 23:03:58', 'Activa', 241),
(239, 'ISAAC ALEJANDRO', 'RUBILAR CARTES', '2007-07-08', '22445193-8', NULL, '', '', '', 7, NULL, NULL, NULL, NULL, '2025-11-24 23:03:58', 'Activa', 242),
(240, 'RAFAEL ISAIAS ANTONIO', 'CARRASCO LONCOMILLA', '2005-07-17', '21891063-7', NULL, 'PJE. FREIRE 0652', 'RAFEALLONCOMILLA@GMAIL.COM', '', 7, NULL, NULL, NULL, NULL, '2025-11-24 23:03:58', 'Activa', 243),
(241, 'THIARE ESTEFANÍA', 'VARGAS VICENCIO', '2005-05-15', '21843176-3', NULL, 'DINAMARCA 1320 HUANHUALI', '', '975426716', 7, NULL, NULL, NULL, NULL, '2025-11-24 23:03:58', 'Activa', 244),
(242, 'BASTIÁN IGNACIO', 'PARRAGUIRRE VARGAS', '2007-04-30', '22385718-3', NULL, 'PASAJE ARAGON 0537, VILLA REINA', '', '', 7, NULL, NULL, NULL, NULL, '2025-11-24 23:03:58', 'Activa', 245),
(243, 'SEBASTIÁN ALEXIS', 'LOBOS CANNOBBIO', '2005-01-19', '21763778-3', NULL, 'PASAJE ARMANDO CARRERA', '', '987948871', 7, NULL, NULL, NULL, NULL, '2025-11-24 23:03:58', 'Activa', 246),
(244, 'DANIEL ALEXANDER', 'CALDERÓN RUSS', '2006-08-29', '22198948-1', NULL, 'PJE BERLIN Nº7 POB UNIOPORT', '', '2115180', 7, NULL, NULL, NULL, NULL, '2025-11-24 23:03:58', 'Activa', 247),
(245, 'WILLIAM MATÍAS NAHUM', 'CORTÉS GÓMEZ', '2007-08-01', '22467773-1', NULL, 'SAN IGNACIO', '', '965639097', 7, NULL, NULL, NULL, NULL, '2025-11-24 23:03:58', 'Activa', 248),
(246, 'NICOLÁS ANDRÉS', 'DÍAZ ARANCIBIA', '2007-10-31', '22542225-7', NULL, '', '', '', 7, NULL, NULL, NULL, NULL, '2025-11-24 23:03:58', 'Activa', 249),
(247, 'FERNANDO ANDRÉS', 'RAMÍREZ GARCÍA', '2001-09-22', '20850804-0', NULL, 'EUCALIPTUS, PJE. LAS MANDARINAS', '', '', 7, NULL, NULL, NULL, NULL, '2025-11-24 23:03:58', 'Activa', 250),
(248, 'BENJAMÍN ALEJANDRO', 'AROS CABELLO', '2007-06-17', '22426016-4', NULL, '', '', '', 7, NULL, NULL, NULL, NULL, '2025-11-24 23:03:58', 'Activa', 251),
(249, 'BENJAMÍN GABRIEL', 'GARCÍA VICENCIO', '2007-04-16', '22377815-1', NULL, 'WAGNER', '', '977089647', 7, NULL, NULL, NULL, NULL, '2025-11-24 23:03:58', 'Activa', 252),
(250, 'BRITANY ZUELY', 'TRONCOSO FERNÁNDEZ', '2004-03-09', '21529124-3', NULL, 'DINAMARCA CON SAN JOSE , BLOCK 19, DEP-103', 'JOSE.TRON35@GMAIL.COM', '', 7, NULL, NULL, NULL, NULL, '2025-11-24 23:03:58', 'Activa', 253),
(251, 'ANA PAULA', 'SILVA DÍAZ', '1991-08-26', '17944711-8', NULL, '', '', '', 7, NULL, NULL, NULL, NULL, '2025-11-24 23:03:58', 'Activa', 254),
(252, 'DANIELA JESÚS', 'OLGUÍN SOTELO', '2004-08-06', '21631080-2', NULL, 'DAGOBERTO GODOY', '', '', 7, NULL, NULL, NULL, NULL, '2025-11-24 23:03:58', 'Activa', 255),
(253, 'EDUARDO IGNACIO', 'VALENZUELA BECERRA', '2007-07-04', '22435497-5', NULL, 'LAS ACACIAS', 'EDUARDO.VALENZUELA@MANUELMONTT.CMVA.CL', '', 7, NULL, NULL, NULL, NULL, '2025-11-24 23:03:58', 'Activa', 256),
(254, 'HÉCTOR ALEJANDRO', 'CARVAJAL CARVAJAL', '2007-07-06', '22437151-9', NULL, 'PLAZA AMERICA', '', '', 7, NULL, NULL, NULL, NULL, '2025-11-24 23:03:58', 'Activa', 257),
(255, 'ANAHIS FRANCISCA', 'MALDONADO GÓMEZ', '2005-01-08', '21751618-8', NULL, 'PASAJE ATALAYA', 'SEPTIMOMELVINJONES2020@HOTMAIL.COM', '', 7, NULL, NULL, NULL, NULL, '2025-11-24 23:03:58', 'Activa', 258),
(256, 'PATRICIA INES', 'SAAVEDRA GÁLVEZ', '2007-03-06', '22348392-5', NULL, 'VOLCAN', '', '', 7, NULL, NULL, NULL, NULL, '2025-11-24 23:03:58', 'Activa', 259),
(257, 'AZÚMI YUKARY', 'CORNEJO NÚÑEZ', '2007-05-10', '22396669-1', NULL, 'LONCOCHE , LA FRONTERA', '', '', 7, NULL, NULL, NULL, NULL, '2025-11-24 23:03:58', 'Activa', 260),
(258, 'MADELEINE DAYSI ANAÍS', 'SALDIVIA CAILEO', '2007-09-21', '22507082-2', NULL, 'BUTALCURA', '', '', 7, NULL, NULL, NULL, NULL, '2025-11-24 23:03:58', 'Activa', 261),
(259, 'VÍCTOR MANUEL', 'PARRA SILVA', '2005-02-04', '21769626-7', NULL, 'PJE.LOISA 3758 POBL. MUJERES DEL FUTURO', '', '', 8, NULL, NULL, NULL, NULL, '2025-11-24 23:03:58', 'Activa', 262),
(260, 'ISAAC PAOLO', 'ERAZO CARLOZA', '2005-08-29', '21919807-8', NULL, 'DAGOBERTO GODOY', '', '', 8, NULL, NULL, NULL, NULL, '2025-11-24 23:03:58', 'Activa', 263),
(261, 'FRANCESCA NICOL', 'JARA RUBIO', '1996-05-31', '19193379-6', NULL, '', '', '', 8, NULL, NULL, NULL, NULL, '2025-11-24 23:03:58', 'Activa', 264),
(262, 'JOSÉ ANTONIO', 'ALVEAR ESPINA', '1992-05-11', '18036699-7', NULL, 'BDO. OHIGGINS Nº 279 NVA. AURORA', '', '', 8, NULL, NULL, NULL, NULL, '2025-11-24 23:03:58', 'Activa', 265),
(263, 'LISSETE GRACIELA', 'RIQUELME ACEVEDO', '1995-06-07', '18998130-9', NULL, '', '', '', 8, NULL, NULL, NULL, NULL, '2025-11-24 23:03:58', 'Activa', 266),
(264, 'KEITHY BELEN', 'OLIVARES OLIVARES', '2005-12-20', '22006892-7', NULL, 'GABRIELA MISTRAL', 'KEITHYBELEN@GMAIL.COM', '', 8, NULL, NULL, NULL, NULL, '2025-11-24 23:03:58', 'Activa', 267),
(265, 'BENJAMÍN FRANCISCO', 'CARRASCO FARÍAS', '2005-07-12', '21884336-0', NULL, 'LOS QUILLAYES', '', '', 8, NULL, NULL, NULL, NULL, '2025-11-24 23:03:58', 'Activa', 268),
(266, 'NICOLÁS ESTEBAN', 'TRIGO RUBILAR', '2007-10-25', '22537728-6', NULL, 'VOLCAN MAIPO Nº 2602 C/LOS 4 PINOS', '', '', 8, NULL, NULL, NULL, NULL, '2025-11-24 23:03:58', 'Activa', 269),
(267, 'CARLOS GABRIEL', 'CABRERA CARMONA', '1985-09-12', '16104814-3', NULL, '', '', '', 8, NULL, NULL, NULL, NULL, '2025-11-24 23:03:58', 'Activa', 270),
(268, 'LUIS RICARDO', 'STRELOW ARAYA', '1988-04-12', '16970250-0', NULL, '', '', '', 8, NULL, NULL, NULL, NULL, '2025-11-24 23:03:58', 'Activa', 271),
(269, 'BARBARA ESCARLET', 'GODOY VILLEGAS', '2005-09-25', '21943682-3', NULL, 'VIA 1-7 TRONCOS VIEJOS', 'BARBARAGODOY@LITECVA.CL', '940469792', 8, NULL, NULL, NULL, NULL, '2025-11-24 23:03:58', 'Activa', 272),
(270, 'BELÉN ANTONELLA', 'ROMERO ROJAS', '2004-01-24', '21496517-8', NULL, 'ABTAO 238 PEÑABLANCA', '', '2722959', 8, NULL, NULL, NULL, NULL, '2025-11-24 23:03:58', 'Activa', 273),
(271, 'ANAIS ANDREA', 'TAPIA ALTAMIRANO', '2006-08-14', '22186090-K', NULL, 'CALLE TEMUCO  POB.LA FRONTERA', '', '', 8, NULL, NULL, NULL, NULL, '2025-11-24 23:03:58', 'Activa', 274),
(272, 'CECILIA DE LAS MERCEDES', 'RODRÍGUEZ CARRASCO', '1961-06-13', '9231504-5', NULL, '', '', '', 8, NULL, NULL, NULL, NULL, '2025-11-24 23:03:58', 'Activa', 275),
(273, 'JUAN VICENTE IGNACIO', 'DÍAZ ROMÁN', '2004-12-05', '21724350-5', NULL, 'SAN ENRIQUE CON SERENA', '', '', 8, NULL, NULL, NULL, NULL, '2025-11-24 23:03:58', 'Activa', 276),
(274, 'PEDRO ANTONIO', 'VILLARROEL RETAMAL', '1968-05-31', '10348925-3', NULL, '', '', '', 8, NULL, NULL, NULL, NULL, '2025-11-24 23:03:58', 'Activa', 277),
(275, 'PRISCILLA MARÍA', 'PAILLACÁN CARTE', '1986-09-15', '16500150-8', NULL, '', '', '', 8, NULL, NULL, NULL, NULL, '2025-11-24 23:03:58', 'Activa', 278);
INSERT INTO `matriculas` (`id`, `nombre_estudiante`, `apellidos_estudiante`, `fecha_nacimiento`, `rut_estudiante`, `serie_carnet_estudiante`, `direccion_estudiante`, `correo_estudiante`, `telefono_estudiante`, `curso_preferido`, `jornada_preferida`, `nombre_apoderado`, `rut_apoderado`, `direccion_apoderado`, `fecha_registro`, `estado`, `estudiante_id`) VALUES
(276, 'MARCO ANTONIO', 'BASAEZ DONOSO', '1990-10-17', '24442970-K', NULL, '', '', '', 8, NULL, NULL, NULL, NULL, '2025-11-24 23:03:58', 'Activa', 279),
(277, 'JASSON PATRICK', 'SCHMIDT JIMÉNEZ', '2004-05-31', '21585656-9', NULL, 'PJE. LONCOCHE', 'JSCHMIDT@LITECVA.CL', '2929005', 8, NULL, NULL, NULL, NULL, '2025-11-24 23:03:58', 'Activa', 280),
(278, 'JOCELYN ALEJANDRA', 'DÍAZ GUTIÉRREZ', '1984-12-19', '15763765-7', NULL, '', '', '', 8, NULL, NULL, NULL, NULL, '2025-11-24 23:03:58', 'Activa', 281),
(279, 'NATALY ELVIRA', 'FERNÁNDEZ PEÑA', '1985-04-19', '16033947-0', NULL, '', '', '', 8, NULL, NULL, NULL, NULL, '2025-11-24 23:03:58', 'Activa', 282),
(280, 'BRITANY ZUELY', 'TRONCOSO FERNÁNDEZ', '2004-03-09', '21529124-3', NULL, 'DINAMARCA CON SAN JOSE , BLOCK 19, DEP-103', 'JOSE.TRON35@GMAIL.COM', '', 8, NULL, NULL, NULL, NULL, '2025-11-24 23:03:58', 'Activa', 283),
(281, 'ESTEBAN RAFAEL', 'ARAVENA VILLARROEL', '1996-12-11', '19602512-K', NULL, 'DINAMARCA 1385, BLOCK 15, DPTO. 103', '', '', 8, NULL, NULL, NULL, NULL, '2025-11-24 23:03:58', 'Activa', 284),
(282, 'DAINA FRANCHESCA', 'LABRADOR TOLOSA', '1993-08-13', '18552952-5', NULL, '', '', '', 8, NULL, NULL, NULL, NULL, '2025-11-24 23:03:58', 'Activa', 285),
(283, 'NICOLÁS ANDRÉS', 'TAPIA BÓRQUEZ', '1998-09-13', '19664838-0', NULL, 'DINAMARCA   1250   B-35  D-302', '', '', 8, NULL, NULL, NULL, NULL, '2025-11-24 23:03:58', 'Activa', 286),
(284, 'CRISTINA JEISSY', 'ÁLVAREZ URRUTIA', '1989-08-18', '17143866-7', NULL, '', '', '', 8, NULL, NULL, NULL, NULL, '2025-11-24 23:03:58', 'Activa', 287),
(285, 'MAURA ALEXANDRA', 'PUEBLA COLLADO', '2005-05-28', '21856306-6', NULL, 'PATRICIO LYNMCH', '', '0322534981', 8, NULL, NULL, NULL, NULL, '2025-11-24 23:03:58', 'Activa', 288),
(286, 'ALDEBARAN LEE', 'CANALES DÍAZ', '2006-06-20', '22146454-0', NULL, 'MARIA ISABEL BELLOTO', 'ALDEBARAN.CANALES@LATINAIGO.CMVA.CL', '322950764', 8, NULL, NULL, NULL, NULL, '2025-11-24 23:03:58', 'Activa', 289),
(287, 'FELIPE IGNACIO', 'GÓMEZ OLIVARES', '2006-11-03', '22253000-8', NULL, '', 'MACA.OLIVARESM@GMAIL.COM', '986834060', 8, NULL, NULL, NULL, NULL, '2025-11-24 23:03:58', 'Activa', 290),
(288, 'ANDRIU FABIÁN', 'CISTERNA LABARCA', '2004-08-04', '21635428-1', NULL, 'SANTA SARA', 'ACISTERNA@LITECVA.CL', '964986842', 8, NULL, NULL, NULL, NULL, '2025-11-24 23:03:58', 'Activa', 291),
(289, 'ANTONIA SOFÍA', 'ARREDONDO SOTOMAYOR', '2007-03-06', '22344863-1', NULL, '', '', '', 8, NULL, NULL, NULL, NULL, '2025-11-24 23:03:58', 'Activa', 292),
(290, 'JENNIFFER DANIELA', 'QUIROZ VALDENEGRO', '1992-03-25', '18049318-2', NULL, 'OZMAN PÉREZ 0775', '', '', 8, NULL, NULL, NULL, NULL, '2025-11-24 23:03:58', 'Activa', 293),
(291, 'VINCHENNZO ANÍBAL', 'SORIAGALVARRO NÚÑEZ', '2006-04-23', '22120440-9', NULL, 'FINLANDIA 2598', '', '', 9, NULL, NULL, NULL, NULL, '2025-11-24 23:03:58', 'Activa', 294),
(292, 'FRANCESCA NICOL', 'JARA RUBIO', '1996-05-31', '19193379-6', NULL, '', '', '', 9, NULL, NULL, NULL, NULL, '2025-11-24 23:03:58', 'Activa', 295),
(293, 'LORENA ANDREA', 'GUAJARDO BENAVIDES', '1994-11-15', '18916444-0', NULL, '', '', '', 9, NULL, NULL, NULL, NULL, '2025-11-24 23:03:58', 'Activa', 296),
(294, 'ISIDORA ANTONIA', 'NÚÑEZ ARANCIBIA', '2006-12-02', '22274610-8', NULL, 'CALLE LAS ORQUIDEAS N°6 VILLA MONTE', '', '', 9, NULL, NULL, NULL, NULL, '2025-11-24 23:03:58', 'Activa', 297),
(295, 'PEDRO MARCELO', 'FIGUEROA BRAVO', '2003-04-17', '21280440-1', NULL, 'HIPODROMO 350 POBL PRAT', '', '', 9, NULL, NULL, NULL, NULL, '2025-11-24 23:03:58', 'Activa', 298),
(296, 'EMERSON BRAYAN SEBASTIÁN', 'BERNAL GONZÁLEZ', '2004-05-10', '21572043-8', NULL, 'FUNDO EL BOSQUE CASA 37 LAS CABRAS', '', '', 9, NULL, NULL, NULL, NULL, '2025-11-24 23:03:58', 'Activa', 299),
(297, 'MILA JANA', 'ROJAS PINTO', '2005-05-29', '21872224-5', NULL, 'LOS DAMASCOS N° 1664', 'RJASMILA7@GMAIL.COM', '', 9, NULL, NULL, NULL, NULL, '2025-11-24 23:03:58', 'Activa', 300),
(298, 'ANTONIA FERNANDA', 'ROJAS VALENZUELA', '2000-07-16', '20272272-5', NULL, 'PJE. LAS BOIRA TRONCOS VIEJOS', '', '2119298', 9, NULL, NULL, NULL, NULL, '2025-11-24 23:03:58', 'Activa', 301),
(299, 'SOFÍA SCARLET PAZ', 'ARAYA OPAZO', '2006-07-20', '22166093-5', NULL, 'AVENIDA FRANCIA', '', '', 9, NULL, NULL, NULL, NULL, '2025-11-24 23:03:58', 'Activa', 302),
(300, 'JEANETTE DE LA CRUZ', 'CABELLO BAEZA', '1985-03-05', '16033721-4', NULL, '', '', '', 9, NULL, NULL, NULL, NULL, '2025-11-24 23:03:58', 'Activa', 303),
(301, 'OSVALDO SALVADOR', 'CÁCERES ALTAMIRANO', '2001-11-29', '20851095-9', NULL, 'GABRIEL DAZZAROLA  1166  POB. GUMERCINDO', '', '', 9, NULL, NULL, NULL, NULL, '2025-11-24 23:03:58', 'Activa', 304),
(302, 'ANIA MILENNE', 'ESTAY GUZMÁN', '2002-04-05', '21027817-6', NULL, 'FUNDO EL BOSQUE 121, SANTA ROSA MANZANA K-2, LOTE 16', 'CHARLESDARWINCOLEGIO2020@GMAIL.COM', '', 9, NULL, NULL, NULL, NULL, '2025-11-24 23:03:58', 'Activa', 305),
(303, 'ANDREA PAOLA', 'MARCONI', '1979-06-09', '22260416-8', NULL, 'RAMIREZ', '', '', 9, NULL, NULL, NULL, NULL, '2025-11-24 23:03:58', 'Activa', 306),
(304, 'ANGÉLICA MARÍA', 'MORALES GÓMEZ', '1985-09-25', '16058867-5', NULL, '', '', '', 9, NULL, NULL, NULL, NULL, '2025-11-24 23:03:58', 'Activa', 307),
(305, 'SANDRA DEL ROSARIO', 'SERENA VILLARROEL', '1972-12-24', '12450554-2', NULL, 'REGIDOR SADY JOVI POB. DON ESTEBAN', '', '', 9, NULL, NULL, NULL, NULL, '2025-11-24 23:03:58', 'Activa', 308),
(306, 'CARLOS ALEJANDRO', 'MICHEAS MONDACA', '2008-05-06', '22719656-4', NULL, 'JOSE MIGUEL CARRERA', 'CARLOS.MICHEAS.M@EDUCAQUILPUE.CL', '', 9, NULL, NULL, NULL, NULL, '2025-11-24 23:03:58', 'Activa', 309),
(307, 'PAMELA LUZMIRA', 'ROMERO OYARCE', '1976-08-21', '14316136-6', NULL, '', '', '', 9, NULL, NULL, NULL, NULL, '2025-11-24 23:03:58', 'Activa', 310),
(308, 'OSCAR NICOLAS', 'DEL CANTO MATAMALA', '2006-07-01', '22150376-7', NULL, '', '', '', 9, NULL, NULL, NULL, NULL, '2025-11-24 23:03:58', 'Activa', 311),
(309, 'GENESIS PALOMA', 'MELO HERRERA', '2006-08-30', '22201387-9', NULL, '', '', '', 9, NULL, NULL, NULL, NULL, '2025-11-24 23:03:58', 'Activa', 312),
(310, 'HENRY ESTEBAN', 'MUÑOZ BRITO', '1980-01-16', '13877408-2', NULL, '', '', '', 9, NULL, NULL, NULL, NULL, '2025-11-24 23:03:58', 'Activa', 313),
(311, 'MARCELA BELÉN', 'CÁRDENAS RÍOS', '1997-02-18', '19470651-0', NULL, 'POB. EX STA. ELENA PJE. BARROS ARANA 10B', '', '', 9, NULL, NULL, NULL, NULL, '2025-11-24 23:03:58', 'Activa', 314),
(312, 'MAURO ARTURO', 'DEL CANTO MATAMALA', '2008-04-09', '22691669-5', NULL, '', '', '', 9, NULL, NULL, NULL, NULL, '2025-11-24 23:03:58', 'Activa', 315),
(313, 'BELEN NOEMI', 'MELO HERRERA', '2006-08-30', '22201394-1', NULL, 'SANTA ROSA 225', '', '', 9, NULL, NULL, NULL, NULL, '2025-11-24 23:03:58', 'Activa', 316),
(314, 'LUCAS ISMAEL', 'RECABARREN JILIBERTO', '2004-08-17', '21641292-3', NULL, 'DINAMARCA', 'M.CONSTANZA.JILIBERTO@GMAIL.COM', '', 9, NULL, NULL, NULL, NULL, '2025-11-24 23:03:58', 'Activa', 317),
(315, 'LISETT CATHERINE', 'CRONORO MARCOLETA', '1969-09-17', '10749318-2', NULL, '', '', '', 9, NULL, NULL, NULL, NULL, '2025-11-24 23:03:58', 'Activa', 318),
(316, 'JACQUELINE VALESKA DEL CARMEN', 'CASTRO TELLO', '1975-03-29', '12822006-2', NULL, '', '', '', 9, NULL, NULL, NULL, NULL, '2025-11-24 23:03:58', 'Activa', 319),
(317, 'NICOLÁS MAURICIO', 'REYES MIRANDA', '2007-07-08', '22437922-6', NULL, 'TOCONAO N°1643, POMPEYA NORTE', 'NICOLAS.REYES@LATINAIGO.CMVA.CL', '2561284', 9, NULL, NULL, NULL, NULL, '2025-11-24 23:03:58', 'Activa', 320),
(318, 'SCARLETT ALEXANDRA', 'MENA LOFF', '2007-08-26', '22487734-K', NULL, 'DINAMARCA 1350 BLOCK 39 DEPTO 103', '', '', 9, NULL, NULL, NULL, NULL, '2025-11-24 23:03:58', 'Activa', 321),
(319, 'KEVIN DANELL ALEJANDRO', 'CAMPOS DÍAZ', '2005-09-08', '21931670-4', NULL, 'HUANHUALI BLOCK 1549 DEPTO 42', 'GRISSEL.DIAZ@GMAIL.COM', '', 9, NULL, NULL, NULL, NULL, '2025-11-24 23:03:58', 'Activa', 322),
(320, 'JUAN IGNACIO', 'RAMÍREZ ESPINOZA', '2005-06-20', '21863790-6', NULL, 'RANCHILLO BAJO', 'ESCUELA.RANCHILLOS@GMAIL.COM', '', 9, NULL, NULL, NULL, NULL, '2025-11-24 23:03:58', 'Activa', 323);

-- --------------------------------------------------------

--
-- Estructura de tabla para la tabla `notas`
--

CREATE TABLE `notas` (
  `id` int(11) NOT NULL,
  `estudiante_id` int(11) NOT NULL,
  `profesor_id` int(11) NOT NULL,
  `asignatura_id` int(11) NOT NULL,
  `nota1` decimal(2,1) DEFAULT NULL,
  `nota2` decimal(2,1) DEFAULT NULL,
  `nota3` decimal(2,1) DEFAULT NULL,
  `nota4` decimal(2,1) DEFAULT NULL,
  `nota5` decimal(2,1) DEFAULT NULL,
  `nota6` decimal(2,1) DEFAULT NULL,
  `nota7` decimal(2,1) DEFAULT NULL,
  `nota8` decimal(2,1) DEFAULT NULL,
  `nota9` decimal(2,1) DEFAULT NULL,
  `Σ` decimal(4,2) GENERATED ALWAYS AS (ifnull(`nota1`,0) + ifnull(`nota2`,0) + ifnull(`nota3`,0) + ifnull(`nota4`,0) + ifnull(`nota5`,0) + ifnull(`nota6`,0) + ifnull(`nota7`,0) + ifnull(`nota8`,0) + ifnull(`nota9`,0)) STORED,
  `x` decimal(4,2) GENERATED ALWAYS AS (round((ifnull(`nota1`,0) + ifnull(`nota2`,0) + ifnull(`nota3`,0) + ifnull(`nota4`,0) + ifnull(`nota5`,0) + ifnull(`nota6`,0) + ifnull(`nota7`,0) + ifnull(`nota8`,0) + ifnull(`nota9`,0)) / nullif((`nota1` is not null) + (`nota2` is not null) + (`nota3` is not null) + (`nota4` is not null) + (`nota5` is not null) + (`nota6` is not null) + (`nota7` is not null) + (`nota8` is not null) + (`nota9` is not null),0),2)) STORED,
  `x̄` decimal(2,1) GENERATED ALWAYS AS (round((ifnull(`nota1`,0) + ifnull(`nota2`,0) + ifnull(`nota3`,0) + ifnull(`nota4`,0) + ifnull(`nota5`,0) + ifnull(`nota6`,0) + ifnull(`nota7`,0) + ifnull(`nota8`,0) + ifnull(`nota9`,0)) / nullif((`nota1` is not null) + (`nota2` is not null) + (`nota3` is not null) + (`nota4` is not null) + (`nota5` is not null) + (`nota6` is not null) + (`nota7` is not null) + (`nota8` is not null) + (`nota9` is not null),0),2)) STORED
) ENGINE=InnoDB DEFAULT CHARSET=utf8mb4 COLLATE=utf8mb4_general_ci;

-- --------------------------------------------------------

--
-- Estructura de tabla para la tabla `usuarios`
--

CREATE TABLE `usuarios` (
  `id` int(11) NOT NULL,
  `nombre` varchar(100) NOT NULL,
  `correo` varchar(100) NOT NULL,
  `contrasena` varchar(255) NOT NULL,
  `fecha_registro` timestamp NOT NULL DEFAULT current_timestamp(),
  `rol` enum('admin','editor','usuario') NOT NULL DEFAULT 'usuario',
  `asignatura` enum('Lenguaje','Matemáticas','Estudios Sociales','Inglés','Inglés Comunicativo','TIC','Filosofía','Instrumental','Ciencias') DEFAULT NULL
) ENGINE=InnoDB DEFAULT CHARSET=utf8mb4 COLLATE=utf8mb4_general_ci;

--
-- Volcado de datos para la tabla `usuarios`
--

INSERT INTO `usuarios` (`id`, `nombre`, `correo`, `contrasena`, `fecha_registro`, `rol`, `asignatura`) VALUES
(1, 'Adrián Maturana Muñoz', 'maturana.or.adrian@gmail.com', '$2y$10$IPgMPJZGdI31iCSFkuQgGuG5mx2eipa9BXnaJDUfeI3QHsc/6LXJ.', '2025-06-11 04:31:42', 'editor', 'Estudios Sociales'),
(3, 'Director', 'director@gmail.com', '$2y$10$G0X0FLMq9Kxnza/VgGue8eEOQLmzE0uw2ec//c7XnnLB95tIH.9ou', '2025-06-11 05:55:39', 'admin', NULL),
(6, 'Noemi', 'adrian.buscando123@gmail.com', '$2y$10$6UyE41deZkLLkzCTgFF5MuXUiXy1RSt/VgriqprhRvVg9k9tkGY12', '2025-06-13 00:09:28', 'editor', 'Inglés'),
(7, 'Orlando', 'dsadas@gmail.com', '$2y$10$lm4l/9ojULtLywXL04zeQue50b8fHzWuhgx1n9K9KvTVVtAqNgAZ2', '2025-06-13 02:40:07', 'editor', 'Matemáticas'),
(8, 'Ivania Sánchez', 'a@g.com', '$2y$10$wwIEUn43NJOLaakQ2VUUQuQVgTdNlgBQQUCmjLx3CuK29/ZGneuXq', '2025-06-21 11:56:14', 'editor', 'Estudios Sociales'),
(13, 'profesor 1', 'profesor1@gmail.com', '$2y$10$3YGEoZOTEa0wfN2ju0MrSe6xHhbtY9TCNtUdefQOv4nFu2BX8Rj9K', '2025-11-25 09:13:55', 'editor', 'Inglés Comunicativo'),
(15, 'profesor2', 'profesor2@gmail.com', '$2y$10$dcODeHL6H7D8NuUWEuUAbeCBwXgG5ORbIyz0CR2qJRyRVuMB0L7Yy', '2025-11-25 09:20:36', 'editor', 'Ciencias'),
(16, 'profesor3', 'profesor3@gmail.com', '$2y$10$0oE.uk.GnYCf2mTwFN7KiOlAVvN0vk6ggPPKVc/HVO.NmThxEdFYS', '2025-11-25 09:21:19', 'editor', 'Lenguaje'),
(18, 'profesor4', 'profesor4@gmail.com', '$2y$10$38sRNMrXtlJ8TMxMZUX4hehZfttFR0VJJN/wPf0CNMRcDQQJHjVjm', '2025-11-25 09:22:46', 'editor', 'TIC');

--
-- Índices para tablas volcadas
--

--
-- Indices de la tabla `asignaturas`
--
ALTER TABLE `asignaturas`
  ADD PRIMARY KEY (`id`),
  ADD UNIQUE KEY `nombre` (`nombre`);

--
-- Indices de la tabla `cursos`
--
ALTER TABLE `cursos`
  ADD PRIMARY KEY (`id`),
  ADD UNIQUE KEY `nivel` (`nivel`,`letra`);

--
-- Indices de la tabla `curso_asignatura`
--
ALTER TABLE `curso_asignatura`
  ADD PRIMARY KEY (`id`),
  ADD UNIQUE KEY `curso_id` (`curso_id`,`asignatura_id`),
  ADD KEY `asignatura_id` (`asignatura_id`);

--
-- Indices de la tabla `curso_profesor`
--
ALTER TABLE `curso_profesor`
  ADD PRIMARY KEY (`id`),
  ADD UNIQUE KEY `curso_id` (`curso_id`,`asignatura_id`),
  ADD KEY `asignatura_id` (`asignatura_id`),
  ADD KEY `profesor_id` (`profesor_id`);

--
-- Indices de la tabla `estudiantes`
--
ALTER TABLE `estudiantes`
  ADD PRIMARY KEY (`id`),
  ADD KEY `curso_id` (`curso_id`),
  ADD KEY `fk_estudiante_matricula` (`matricula_id`);

--
-- Indices de la tabla `matriculas`
--
ALTER TABLE `matriculas`
  ADD PRIMARY KEY (`id`),
  ADD KEY `fk_curso_preferido` (`curso_preferido`),
  ADD KEY `fk_matriculas_estudiante` (`estudiante_id`);

--
-- Indices de la tabla `notas`
--
ALTER TABLE `notas`
  ADD PRIMARY KEY (`id`),
  ADD KEY `estudiante_id` (`estudiante_id`),
  ADD KEY `profesor_id` (`profesor_id`),
  ADD KEY `asignatura_id` (`asignatura_id`);

--
-- Indices de la tabla `usuarios`
--
ALTER TABLE `usuarios`
  ADD PRIMARY KEY (`id`),
  ADD UNIQUE KEY `correo` (`correo`);

--
-- AUTO_INCREMENT de las tablas volcadas
--

--
-- AUTO_INCREMENT de la tabla `asignaturas`
--
ALTER TABLE `asignaturas`
  MODIFY `id` int(11) NOT NULL AUTO_INCREMENT, AUTO_INCREMENT=10;

--
-- AUTO_INCREMENT de la tabla `cursos`
--
ALTER TABLE `cursos`
  MODIFY `id` int(11) NOT NULL AUTO_INCREMENT, AUTO_INCREMENT=13;

--
-- AUTO_INCREMENT de la tabla `curso_asignatura`
--
ALTER TABLE `curso_asignatura`
  MODIFY `id` int(11) NOT NULL AUTO_INCREMENT, AUTO_INCREMENT=75;

--
-- AUTO_INCREMENT de la tabla `curso_profesor`
--
ALTER TABLE `curso_profesor`
  MODIFY `id` int(11) NOT NULL AUTO_INCREMENT, AUTO_INCREMENT=11;

--
-- AUTO_INCREMENT de la tabla `estudiantes`
--
ALTER TABLE `estudiantes`
  MODIFY `id` int(11) NOT NULL AUTO_INCREMENT, AUTO_INCREMENT=324;

--
-- AUTO_INCREMENT de la tabla `matriculas`
--
ALTER TABLE `matriculas`
  MODIFY `id` int(11) NOT NULL AUTO_INCREMENT, AUTO_INCREMENT=321;

--
-- AUTO_INCREMENT de la tabla `notas`
--
ALTER TABLE `notas`
  MODIFY `id` int(11) NOT NULL AUTO_INCREMENT, AUTO_INCREMENT=3;

--
-- AUTO_INCREMENT de la tabla `usuarios`
--
ALTER TABLE `usuarios`
  MODIFY `id` int(11) NOT NULL AUTO_INCREMENT, AUTO_INCREMENT=19;

--
-- Restricciones para tablas volcadas
--

--
-- Filtros para la tabla `curso_asignatura`
--
ALTER TABLE `curso_asignatura`
  ADD CONSTRAINT `curso_asignatura_ibfk_1` FOREIGN KEY (`curso_id`) REFERENCES `cursos` (`id`),
  ADD CONSTRAINT `curso_asignatura_ibfk_2` FOREIGN KEY (`asignatura_id`) REFERENCES `asignaturas` (`id`);

--
-- Filtros para la tabla `curso_profesor`
--
ALTER TABLE `curso_profesor`
  ADD CONSTRAINT `curso_profesor_ibfk_1` FOREIGN KEY (`curso_id`) REFERENCES `cursos` (`id`),
  ADD CONSTRAINT `curso_profesor_ibfk_2` FOREIGN KEY (`asignatura_id`) REFERENCES `asignaturas` (`id`),
  ADD CONSTRAINT `curso_profesor_ibfk_3` FOREIGN KEY (`profesor_id`) REFERENCES `usuarios` (`id`);

--
-- Filtros para la tabla `estudiantes`
--
ALTER TABLE `estudiantes`
  ADD CONSTRAINT `estudiantes_ibfk_1` FOREIGN KEY (`curso_id`) REFERENCES `cursos` (`id`),
  ADD CONSTRAINT `fk_estudiante_matricula` FOREIGN KEY (`matricula_id`) REFERENCES `matriculas` (`id`) ON DELETE SET NULL ON UPDATE CASCADE;

--
-- Filtros para la tabla `matriculas`
--
ALTER TABLE `matriculas`
  ADD CONSTRAINT `fk_curso_preferido` FOREIGN KEY (`curso_preferido`) REFERENCES `cursos` (`id`) ON UPDATE CASCADE,
  ADD CONSTRAINT `fk_matriculas_estudiante` FOREIGN KEY (`estudiante_id`) REFERENCES `estudiantes` (`id`) ON DELETE CASCADE;

--
-- Filtros para la tabla `notas`
--
ALTER TABLE `notas`
  ADD CONSTRAINT `notas_ibfk_1` FOREIGN KEY (`estudiante_id`) REFERENCES `estudiantes` (`id`),
  ADD CONSTRAINT `notas_ibfk_2` FOREIGN KEY (`profesor_id`) REFERENCES `usuarios` (`id`),
  ADD CONSTRAINT `notas_ibfk_3` FOREIGN KEY (`asignatura_id`) REFERENCES `asignaturas` (`id`);
COMMIT;

/*!40101 SET CHARACTER_SET_CLIENT=@OLD_CHARACTER_SET_CLIENT */;
/*!40101 SET CHARACTER_SET_RESULTS=@OLD_CHARACTER_SET_RESULTS */;
/*!40101 SET COLLATION_CONNECTION=@OLD_COLLATION_CONNECTION */;
